[
  {
      "PK": {"S": "gps_enriched_level0"},  
      "SK": {"S": "gps_enriched_level0_historical"},
      "DB": {"S": "dp_prod_db"},
      "schema": {"S": "gps"},
      "condition_column": {"S": "device_date"},
      "retention_days": {"S": "180"},
      "other_filter": {"S": ""}
  },
  {
    "PK": {"S": "gps_enriched_level1"},  
    "SK": {"S": "gps_enriched_level1_historical"},
    "DB": {"S": "dp_prod_db"},
    "schema": {"S": "gps"},
    "condition_column": {"S": "device_date"},
    "retention_days": {"S": "180"},
    "other_filter": {"S": ""}
},
  {
    "PK": {"S": "gps_enriched_level2"},  
    "SK": {"S": "gps_enriched_level2_historical"},
    "DB": {"S": "dp_prod_db"},
    "schema": {"S": "gps"},
    "condition_column": {"S": "device_date"},
    "retention_days": {"S": "180"},
    "other_filter": {"S": ""}
  },
  {
    "PK": {"S": "gps_enriched_level3"},  
    "SK": {"S": "gps_enriched_level3_historical"},
    "DB": {"S": "dp_prod_db"},
    "schema": {"S": "gps"},
    "condition_column": {"S": "device_date"},
    "retention_days": {"S": "180"},
    "other_filter": {"S": ""}
  }
]
