{
    "job_name": "eg_tax_compliance_recon_cars_manual_trans_compare_to_enriched_trans",
    "env": {
        "query_macros": {
            "database": "commerce",
            "manual_transactions": "tax_compliance_eg_manual_transactions",
            "enriched_transactions": "tax_compliance_eg_enriched_transactions",
            "enriched_transactions_exception": "tax_compliance_eg_enriched_transactions_with_exception",
            "temp_filing_dimension": "temp_filing_dimension",
            "result_table": "tax_compliance_eg_recon_result",
            "mismatch_table": "tax_compliance_eg_recon_mismatch",
            "rule_name1": "matching_rental_day_count",
            "threshold_percentage1": "100",
            "rule_name2": "matching_base_price_amount_local",
            "threshold_percentage2": "100",
            "rule_name3": "matching_records",
            "threshold_percentage3": "100",
            "rule_name4": "matching_gross_booking_amount_local",
            "threshold_percentage4": "100",
            "rule_name5": "matching_base_cost_amount_local",
            "threshold_percentage5": "100",
            "rule_name6": "car_jurisdiction_variance",
            "threshold_percentage6": "0",
            "rule_name7": "enriched_exceptions_count",
            "threshold_percentage7": "0"
        },
        "emails": [
            "eg-tax-compliance-ale-aaaaezersb7ykbhi4sgjixovem@expediagroup.org.slack.com"
        ],
        "jira_tracking": false
    }
}
