<?xml version="1.0" ?>
<databaseChangeLog xmlns="http://www.liquibase.org/xml/ns/dbchangelog" xmlns:xsi="http://www.w3.org/2001/XMLSchema-instance" xsi:schemaLocation="http://www.liquibase.org/xml/ns/dbchangelog http://www.liquibase.org/xml/ns/dbchangelog/dbchangelog-3.8.xsd">
  <include file="procedures/mqa_report_tables_v1_6.sql" relativeToChangelogFile="true"/>
  <include file="procedures/mqa_report_tables_v1_8.sql" relativeToChangelogFile="true"/>
  <include file="tables/amlh.sql" relativeToChangelogFile="true"/>
  <include file="tables/amlh_infl_opp.sql" relativeToChangelogFile="true"/>
  <include file="tables/amlh_opp_infl_milestones.sql" relativeToChangelogFile="true"/>
  <include file="tables/amlh_opp_infl_milestones_agg.sql" relativeToChangelogFile="true"/>
  <include file="tables/amlh_opps.sql" relativeToChangelogFile="true"/>
  <include file="tables/touchtype_6sense_paidmedia.sql" relativeToChangelogFile="true"/>
  <include file="tables/touchtype_6sense_webvisit.sql" relativeToChangelogFile="true"/>
  <include file="tables/touchtype_analytics.sql" relativeToChangelogFile="true"/>
  <include file="tables/touchtype_bizible_touchpoints.sql" relativeToChangelogFile="true"/>
  <include file="tables/transformed_aop.sql" relativeToChangelogFile="true"/>
  <include file="tables/transformed_goals.sql" relativeToChangelogFile="true"/>
  <include file="tables/transformed_mse.sql" relativeToChangelogFile="true"/>
  <include file="tables/example_table.sql" relativeToChangelogFile="true"/>
  <include file="tables/campaign_spend_bkp.sql" relativeToChangelogFile="true"/>
  <include file="tables/transformed_mse_bkp.sql" relativeToChangelogFile="true"/>
  <include file="tables/amlh_infl_opp_v1.sql" relativeToChangelogFile="true"/>
  <include file="tables/test1.sql" relativeToChangelogFile="true"/>
  <include file="tables/bng_campaign_performance_report_daily.sql" relativeToChangelogFile="true"/>
  <include file="tables/arb_bng_campaign_performance_report_daily.sql" relativeToChangelogFile="true"/>
  <include file="tables/arb1_fbk_ads_insights.sql" relativeToChangelogFile="true"/>
  <include file="tables/arb1_lin_accounts.sql" relativeToChangelogFile="true"/>
  <include file="tables/arb1_lin_ad_campaign_analytics.sql" relativeToChangelogFile="true"/>
  <include file="tables/arb1_lin_campaign_groups.sql" relativeToChangelogFile="true"/>
  <include file="tables/arb1_gad_campaign.sql" relativeToChangelogFile="true"/>
  <include file="tables/arb1_gad_account_performance_report.sql" relativeToChangelogFile="true"/>
  <include file="tables/arb1_bng_campaign_performance_report_daily.sql" relativeToChangelogFile="true"/>
  <include file="tables/arb1_lin_campaigns.sql" relativeToChangelogFile="true"/>
  <include file="tables/arb1_gad_campaign_budget.sql" relativeToChangelogFile="true"/>
  <include file="tables/sixsense_performance_trend_report.sql" relativeToChangelogFile="true"/>
  <include file="tables/mmm_ad_platform_spends.sql" relativeToChangelogFile="true"/>
  <include file="tables/campaign_spend_test.sql" relativeToChangelogFile="true"/>
  <include file="tables/campaign_spend_bkp_20250526.sql" relativeToChangelogFile="true"/>
  <include file="tables/campaign_spend.sql" relativeToChangelogFile="true"/>
  <include file="tables/campaign_spend_old.sql" relativeToChangelogFile="true"/>
  <include file="tables/mmm_opportunity_metrics.sql" relativeToChangelogFile="true"/>
  <include file="tables/mmm_marketing_touchpoint.sql" relativeToChangelogFile="true"/>
  <include file="tables/transformed_mse_new.sql" relativeToChangelogFile="true"/>
  <include file="tables/transformed_mse_bkp_20250526.sql" relativeToChangelogFile="true"/>
  <include file="views/amlh_temp_mv.sql" relativeToChangelogFile="true"/>
  <include file="views/amlh_temp_mv_1.sql" relativeToChangelogFile="true"/>
</databaseChangeLog>
