{
    "ReleaseLabel": "emr-5.36.0",
    "JobFlowRole": "compliance-emr-ec2-role-${ContainerName}",
    "ServiceRole": "compliance-emr-role-${ContainerName}",
    "VisibleToAllUsers": true,
    "LogUri": "s3://compliance-log.files.prod/${ContainerName}",
    "EbsRootVolumeSize": 100,
    "AutoScalingRole": "EMR_AutoScaling_DefaultRole",
    "StepConcurrencyLevel": 2,
    "ManagedScalingPolicy": {
        "ComputeLimits": {
            "UnitType": "Instances",
            "MinimumCapacityUnits": 5,
            "MaximumCapacityUnits": 50,
            "MaximumOnDemandCapacityUnits": 50,
            "MaximumCoreCapacityUnits": 50
        }
    },
    "Applications": [
        {
            "Name": "Hive"
        },
        {
            "Name": "Spark"
        },
        {
            "Name": "Presto"
        },
        {
            "Name": "Tez"
        },
        {
            "Name": "Flink"
        }
    ],
    "Configurations": [
        {
            "Classification": "hive-site",
            "Properties": {
                "hive.executors.per.node": "4",
                "hive.tez.container.size": "34816", 
                "hive.tez.java.opts": "-Xmx27648m",
                "hive.metastore.uris": "thrift://localhost:48869",
                "javax.jdo.option.ConnectionURL": "jdbc:mysql://eg-tax-compliance-hive3-metastore.c7ziehpdniba.us-east-1.rds.amazonaws.com:3306/${ContainerName}-hive-metastore?createDatabaseIfNotExist=true",
                "javax.jdo.option.ConnectionDriverName": "org.mariadb.jdbc.Driver",
                "javax.jdo.option.ConnectionUserName": "{{resolve:secretsmanager:tax-compliance-hive-metastore-credentials:SecretString:username}}",
                "javax.jdo.option.ConnectionPassword": "{{resolve:secretsmanager:tax-compliance-hive-metastore-credentials:SecretString:password}}"
            }
        },
        {
            "Classification": "spark-hive-site",
            "Properties": {
                "hive.metastore.uris": "thrift://localhost:48869",
                "spark.executor.instances": "15",
                "spark.executor.cores": "1",
                "spark.executor.memory": "8192",
                "spark.driver.memory": "8192"
            }
        },
        {
            "Classification": "emrfs-site",
            "Properties": {
                "fs.s3.maxRetries": "20"
            }
        },
        {
            "Classification": "yarn-site",
            "Properties": {
                "yarn.nodemanager.resource.memory-mb": "104448",
                "yarn.nodemanager.resource.cpu-vcores": "15",
                "yarn.scheduler.minimum-allocation-mb": "34816",
                "yarn.scheduler.maximum-allocation-mb": "104448",
                "yarn.app.mapreduce.am.resource.mb": "34816",
                "yarn.app.mapreduce.am.command-opts": "-Xmx27648m"
            }
        },
        {
            "Classification": "mapred-site",
            "Properties": {
                "mapreduce.map.memory.mb": "34816",
                "mapreduce.reduce.memory.mb": "34816",
                "mapreduce.map.java.opts": "-Xmx27648m",
                "mapreduce.reduce.java.opts": "-Xmx27648m",
                "mapreduce.task.io.sort.mb": "1792"
            }
        },
        {
            "Classification": "tez-site",
            "Properties": {
                "tez.am.resource.memory.mb": "34816",
                "tez.am.java.opts": "-Xmx27648m"
            }
        },
        {
            "Classification": "flink-conf",
            "Properties": {
                "jobmanager.memory.process.size": "100000m",
                "classloader.check-leaked-classloader": "false",
                "taskmanager.memory.process.size": "20g",
                "taskmanager.numberOfTaskSlots": "5",
                "akka.ask.timeout": "100000",
                "web.timeout": "300000"
            }
        }
    ],
    "Instances": {
        "Ec2KeyName": "beardsley-prod",
        "Ec2SubnetId": "subnet-025b494d5733b2c77",
        "EmrManagedMasterSecurityGroup": "sg-015e078edf7953b5b",
        "EmrManagedSlaveSecurityGroup": "sg-07fe3308146a5a11f",
        "ServiceAccessSecurityGroup": "sg-018cd3c46591458b2",
        "KeepJobFlowAliveWhenNoSteps": true,
        "TerminationProtected": false,
        "InstanceGroups": [
            {
                "Name": "Master",
                "InstanceRole": "MASTER",
                "InstanceType": "m6g.8xlarge",
                "InstanceCount": 1,
                "Market": "ON_DEMAND",
                "EbsConfiguration": {
                    "EbsBlockDeviceConfigs": [
                        {
                            "VolumeSpecification": {
                                "SizeInGB": 128,
                                "VolumeType": "gp3"
                            },
                            "VolumesPerInstance": 1
                        }
                    ],
                    "EbsOptimized": true
                }
            },
            {
                "Name": "Core",
                "InstanceRole": "CORE",
                "InstanceType": "r6g.4xlarge",
                "InstanceCount": 5,
                "Market": "ON_DEMAND",
                "EbsConfiguration": {
                    "EbsBlockDeviceConfigs": [
                        {
                            "VolumeSpecification": {
                                "SizeInGB": 128,
                                "VolumeType": "gp3"
                            },
                            "VolumesPerInstance": 1
                        }
                    ],
                    "EbsOptimized": true
                }
            }
        ]
    },
    "Steps": [
        {
            "Name": "Copy JARs for Spark",
            "ActionOnFailure": "CONTINUE",
            "HadoopJarStep": {
                "Jar": "s3://us-east-1.elasticmapreduce/libs/script-runner/script-runner.jar",
                "Args": [
                    "s3://compliance-shared.files.prod/shell/spark-jars-setup.sh",
                    "prod"
                ]
            }
        }
    ],
    "BootstrapActions": [
        {
            "Name": "Install Kernel 5.15",
            "ScriptBootstrapAction": {
                "Path": "s3://compliance-shared.files.prod/shell/install_kernel_5.15.sh"
            }
        },
        {
            "Name": "Log4j Mitigation",
            "ScriptBootstrapAction": {
                "Path": "s3://compliance-shared.files.prod/shell/patch-log4j-emr-5.36.0-v1.sh"
            }
        },
        {
            "Name": "Waggle Dance Setup",
            "ScriptBootstrapAction": {
                "Path": "s3://compliance-shared.files.prod/shell/waggle-setup.sh",
                "Args": [
                    "compliance-shared.files.prod",
                    "vpce-07303637c8fa8a76d-nwma5p72.vpce-svc-0dd5cdc81f7f040fd.us-east-1.vpce.amazonaws.com",
                    "vpce-0ecffea76f7ab789c-ayu63u4e.vpce-svc-0a5becd89dca48e95.us-east-1.vpce.amazonaws.com",
                    "vpce-0b8562da3c3d91f8d-t1cpg9ge.vpce-svc-0babeaabe3f872390.us-east-1.vpce.amazonaws.com",
                    "vpce-018f926b10327bc32-66bycxep.vpce-svc-01f5470111b4dfd87.us-west-1.vpce.amazonaws.com",
                    "prod",
                    "null"
                ]
            }
        },
        {
            "Name": "DataDog Agent Installation",
            "ScriptBootstrapAction": {
                "Path": "s3://compliance-shared.files.prod/shell/install_datadog_agent.sh",
                "Args": [
                    "{{resolve:secretsmanager:tax-compliance-datadog-api-key:SecretString:api-key}}",
                    "262161971030",
                    "us-east-1",
                    "beardsley-prod",
                    "compliance-emr-transient-${ContainerName}",
                    "compliance-shared.files.prod"
                ]
            }
        },
        {
            "Name": "Copy Datadog Jar",
            "ScriptBootstrapAction": {
                "Path": "s3://compliance-shared.files.prod/shell/copy_datadog_jar.sh",
                "Args": [
                    "compliance-shared.files.prod"
                ]
            }
        },
        {
            "Name": "Install Expedia Certs",
            "ScriptBootstrapAction": {
                "Path": "s3://compliance-shared.files.prod/shell/install-certs-2017.sh",
                "Args": [
                    "prod"
                ]
            }
        }
    ],
    "Tags": [
        {
            "Key": "Brand",
            "Value": "Expedia Product Technology"
        },
        {
            "Key": "Team",
            "Value": "eg-tax-compliance-group"
        },
        {
            "Key": "Application",
            "Value": "eg-gtp-compliance-cloud-resources"
        },
        {
            "Key": "AssetProtectionLevel",
            "Value": "99"
        },
        {
            "Key": "CostCenter",
            "Value": "95225"
        },
        {
            "Key": "Role",
            "Value": "eg-gtp-compliance-cloud-resources"
        }
    ]
}
