{
  "templateName": "emrresources.yaml",
  "stackName": "compliance-emr-stack-gtp-prod",
  "roleSuffix": "",
  "flavor": "gtp-prod",
  "versionedStackName": false,
  "capabilities": [
    "CAPABILITY_NAMED_IAM"
  ],
  "parameters": [
    {
      "key": "BranchName",
      "value": "gtp-prod",
      "usePreviousValue": false
    },
    {
      "key": "ClusterKeyName",
      "value": "beardsley-prod",
      "usePreviousValue": false
    },
    {
      "key": "S3ConfigPrefix",
      "value": "compliance-data.files.prod",
      "usePreviousValue": false
    },
    {
      "key": "S3DestinationPrefix",
      "value": "compliance-data.files.prod",
      "usePreviousValue": false
    },
    {
      "key": "S3SharedPrefix",
      "value": "compliance-shared.files.prod",
      "usePreviousValue": false
    },
    {
      "key": "S3BucketPrefix",
      "value": "compliance-data.files.prod",
      "usePreviousValue": false
    },
    {
      "key": "DBClassicEndpoint",
      "value": "vpce-07303637c8fa8a76d-nwma5p72.vpce-svc-0dd5cdc81f7f040fd.us-east-1.vpce.amazonaws.com",
      "usePreviousValue": false
    },
    {
      "key": "DBApiaryEndpoint",
      "value": "vpce-0ecffea76f7ab789c-ayu63u4e.vpce-svc-0a5becd89dca48e95.us-east-1.vpce.amazonaws.com",
      "usePreviousValue": false
    },
    {
      "key": "DBBexgEndpoint",
      "value": "vpce-0b8562da3c3d91f8d-t1cpg9ge.vpce-svc-0babeaabe3f872390.us-east-1.vpce.amazonaws.com",
      "usePreviousValue": false
    },
    {
      "key": "DBHotwireEndpoint",
      "value": "vpce-018f926b10327bc32-66bycxep.vpce-svc-01f5470111b4dfd87.us-west-1.vpce.amazonaws.com",
      "usePreviousValue": false
    },
    {
      "key": "DBStageApiaryEndpoint",
      "value": "@null",
      "usePreviousValue": false
    },
    {
      "key": "EMRLogDir",
      "value": "s3://compliance-log.files.prod",
      "usePreviousValue": false
    },
    {
      "key": "SubnetId",
      "value": "subnet-025b494d5733b2c77",
      "usePreviousValue": false
    },
    {
      "key": "MasterInstanceType",
      "value": "m6g.8xlarge",
      "usePreviousValue": false
    },
    {
      "key": "MasterEBSSize",
      "value": "128",
      "usePreviousValue": false
    },
    {
      "key": "CoreInstanceType",
      "value": "r6g.xlarge",
      "usePreviousValue": false
    },
    {
      "key": "CoreInstanceCount",
      "value": "1",
      "usePreviousValue": false
    },
    {
      "key": "KumoSecurityContext",
      "value": "prod",
      "usePreviousValue": false
    },
    {
      "key": "TaskNoNodes",
      "value": "1",
      "usePreviousValue": false
    },
    {
      "key": "TaskType",
      "value": "r6g.xlarge",
      "usePreviousValue": false
    },
    {
      "key": "ScaleMaxCapacity",
      "value": "25",
      "usePreviousValue": false
    }
  ],
  "tags": [],
  "artifactoryLocation": {
    "type": "maven",
    "manifestPath": "com/expedia/compliance/cloudresources/manifest",
    "repoNameLab": "tax-maven-release-local",
    "repoNameProd": "internal-maven-virtual",
    "templatePaths": [
      "com/expedia/compliance/cloudresources/template"
    ]
  }
}
