<?xml version="1.0" ?>
<databaseChangeLog xmlns="http://www.liquibase.org/xml/ns/dbchangelog" xmlns:xsi="http://www.w3.org/2001/XMLSchema-instance" xsi:schemaLocation="http://www.liquibase.org/xml/ns/dbchangelog http://www.liquibase.org/xml/ns/dbchangelog/dbchangelog-3.8.xsd">
  <include file="tables/authentication_events_ms_historical.sql" relativeToChangelogFile="true"/>
  <include file="tables/authentication_events_ms_1734629708277.sql" relativeToChangelogFile="true"/>
  <include file="tables/authentication_events_ms_1734633311142.sql" relativeToChangelogFile="true"/>
  <include file="tables/authentication_events_ms_1734636907030.sql" relativeToChangelogFile="true"/>
  <include file="tables/authentication_events_ms_1734723306911.sql" relativeToChangelogFile="true"/>
  <include file="tables/authentication_events_ms_1736948106449.sql" relativeToChangelogFile="true"/>
  <include file="tables/authentication_events_ms_1737401707409.sql" relativeToChangelogFile="true"/>
  <include file="tables/authentication_events_ms_1737664507124.sql" relativeToChangelogFile="true"/>
  <include file="tables/authentication_events_ms.sql" relativeToChangelogFile="true"/>
</databaseChangeLog>
