"id","name","accountName","region","launchDate","cpu","instanceType","monthlyCost","staleInstance","recInstanceType1","moSavings1","recInstanceType2","moSavings2","recInstanceType3","moSavings3"
"i-003f34723ad737767","gtp-stage-transient","beardsley-test","us-east-1","2025-01-08",13.038333333333332,"m6g.4xlarge",168.94825224481457,false,"m6g.large",147.82972071421275,"m7g.large",146.56809416476426,"t4g.large",NaN
"i-0093854f802f1a375","gtp-stage-transient","beardsley-test","us-east-1","2025-01-08",13.301666666666668,"m6g.4xlarge",168.94825224481457,false,"m7g.large",146.56809416476426,"r7g.large",139.574294763756,"r8g.large",NaN
"i-055c3ab91126ad0e8","gtp-stage-transient","beardsley-test","us-east-1","2025-01-08",10.838333333333333,"m6g.4xlarge",168.94825224481457,false,"m7g.large",146.56809416476426,"r7g.large",139.574294763756,"r8g.large",NaN
"i-05d055ad9584340d5","gtp-stage-transient","beardsley-test","us-east-1","2025-01-08",19.381666666666664,"m6g.4xlarge",168.94825224481457,false,"r6g.xlarge",113.65609703327053,"r7g.xlarge",110.20033728621843,"x8g.large",NaN
"i-05c90f38ed091f0e3","gtp-stage-transient","beardsley-test","us-east-1","2025-01-08",15.251666666666665,"m6g.4xlarge",168.94825224481457,false,"m6g.large",147.82972071421275,"m7g.large",146.56809416476426,"t4g.large",NaN
"i-053d256e535a9d4ba","gtp-stage-transient","beardsley-test","us-east-1","2025-01-08",15.556666666666665,"m6g.4xlarge",168.94825224481457,false,"m6g.large",147.82972071421275,"m7g.large",146.56809416476426,"t4g.large",NaN
"i-0540d2662071e9f22","gtp-stage-transient","beardsley-test","us-east-1","2025-01-08",19.565,"m6g.4xlarge",168.94825224481457,false,"r6g.xlarge",113.65609703327053,"r7g.xlarge",110.20033728621843,"x8g.large",NaN
"i-0551b58deb6befbe8","gtp-stage-transient","beardsley-test","us-east-1","2025-01-08",12.213333333333333,"m6g.4xlarge",168.94825224481457,false,"m6g.large",147.82972071421275,"m7g.large",146.56809416476426,"t4g.large",NaN
"i-011fdb2eb4c9f8b54","gtp-stage-transient","beardsley-test","us-east-1","2025-01-08",13.416666666666666,"m6g.4xlarge",168.94825224481457,false,"m6g.large",147.82972071421275,"m7g.large",146.56809416476426,"t4g.large",NaN
"i-01f0438f0e4239c07","gtp-stage-transient","beardsley-test","us-east-1","2025-01-08",13.788333333333332,"m6g.4xlarge",168.94825224481457,false,"r6g.large",141.30217460475401,"r7g.large",139.574294763756,"x8g.medium",NaN
"i-02c9497822e128093","gtp-stage-transient","beardsley-test","us-east-1","2025-01-08",26.443333333333335,"m6g.4xlarge",168.94825224481457,false,"r6g.xlarge",113.65609703327053,"r7g.xlarge",110.20033728621843,"r8g.xlarge",104.3200603959884
"i-01c5d19b0a388af7f","gtp-stage-transient","beardsley-test","us-east-1","2025-01-08",12.883333333333333,"m6g.4xlarge",168.94825224481457,false,"r6g.large",141.30217460475401,"r7g.large",139.574294763756,"r8g.large",NaN
"i-017468bfdd3269b49","gtp-stage-transient","beardsley-test","us-east-1","2024-12-11",21.746666666666666,"m6g.4xlarge",168.94825224481457,false,"r6g.xlarge",113.65609703327053,"r7g.xlarge",110.20033728621843,"x8g.large",NaN
"i-032dba7520683c863","gtp-stage-transient","beardsley-test","us-east-1","2025-01-08",13.576666666666666,"m6g.4xlarge",168.94825224481457,false,"m7g.large",146.56809416476426,"r7g.large",139.574294763756,"r8g.large",NaN
"i-0188fc65b70172c3e","gtp-stage-transient","beardsley-test","us-east-1","2025-01-08",11.936666666666666,"m6g.4xlarge",168.94825224481457,false,"m6g.large",147.82972071421275,"r8g.medium",NaN,,
"i-01d45a966b9466759","gtp-stage-transient","beardsley-test","us-east-1","2025-01-08",21.544999999999998,"m6g.4xlarge",168.94825224481457,false,"m6g.xlarge",126.71118918361093,"r8g.large",NaN,,
"i-06eabf1adcdc6eebd","gtp-stage-transient","beardsley-test","us-east-1","2025-01-08",12.773333333333333,"m6g.4xlarge",168.94825224481457,false,"m6g.large",147.82972071421275,"m7g.large",146.56809416476426,"t4g.large",NaN
"i-077a2bac44a3a941b","gtp-stage-transient","beardsley-test","us-east-1","2025-01-09",12.624789586840217,"m6g.4xlarge",168.94825224481457,false,"m7g.large",146.56809416476426,"r7g.large",139.574294763756,"r8g.large",NaN
"i-043f0c596542d8c1f","gtp-stage-transient","beardsley-test","us-east-1","2024-12-11",11.093333333333332,"m6g.4xlarge",168.94825224481457,false,"r6g.large",141.30217460475401,"r7g.large",139.574294763756,"r8g.large",NaN
"i-03eaec66ebd7b5cde","gtp-stage-transient","beardsley-test","us-east-1","2025-01-08",13.688333333333333,"m6g.4xlarge",168.94825224481457,false,"m6g.large",147.82972071421275,"m7g.large",146.56809416476426,"t4g.large",NaN
"i-0378f3765eca403e8","gtp-stage-transient","beardsley-test","us-east-1","2025-01-08",12.693333333333333,"m6g.4xlarge",168.94825224481457,false,"m7g.large",146.56809416476426,"r7g.large",139.574294763756,"r8g.large",NaN
"i-04328ffa22125b568","gtp-stage-transient","beardsley-test","us-east-1","2025-01-08",12.193333333333333,"m6g.4xlarge",168.94825224481457,false,"m6g.large",147.82972071421275,"m7g.large",146.56809416476426,"t4g.large",NaN
"i-04c234cbbffbbbcdb","gtp-stage-transient","beardsley-test","us-east-1","2025-01-08",10.981666666666667,"m6g.4xlarge",168.94825224481457,false,"r7g.large",139.574294763756,"r8g.large",NaN,,
"i-09b8a5f3a2a4bda4c","gtp-stage-transient","beardsley-test","us-east-1","2025-01-08",21.84166666666667,"m6g.4xlarge",168.94825224481457,false,"r6g.xlarge",113.65609703327053,"r7g.xlarge",110.20033728621843,"x8g.large",NaN
"i-09c6b4bf62e3cc72c","gtp-stage-transient","beardsley-test","us-east-1","2025-01-08",25.816666666666666,"m6g.4xlarge",168.94825224481457,false,"r6g.xlarge",113.65609703327053,"r7g.xlarge",110.20033728621843,"x8g.large",NaN
"i-0a04693d9acfa8f73","gtp-stage-transient","beardsley-test","us-east-1","2025-01-08",14.121666666666666,"m6g.4xlarge",168.94825224481457,false,"m7g.large",146.56809416476426,"r7g.large",139.574294763756,"r8g.large",NaN
"i-07c2b32611b8a2673","gtp-stage-transient","beardsley-test","us-east-1","2025-01-09",12.176666666666666,"m6g.4xlarge",168.94825224481457,false,"m7g.large",146.56809416476426,"r7g.large",139.574294763756,"r8g.large",NaN
"i-08bc3f46c9b8017f9","gtp-stage-transient","beardsley-test","us-east-1","2025-01-08",11.2,"m6g.4xlarge",168.94825224481457,false,"r6g.large",141.30217460475401,"r7g.large",139.574294763756,"x8g.medium",NaN
"i-0850362a09af9a310","gtp-stage-transient","beardsley-test","us-east-1","2025-01-09",13.943333333333333,"m6g.4xlarge",168.94825224481457,false,"r6g.large",141.30217460475401,"r7g.large",139.574294763756,"x8g.medium",NaN
"i-0c3f5f32f2e979314","gtp-stage-transient","beardsley-test","us-east-1","2025-01-08",12.963333333333333,"m6g.4xlarge",168.94825224481457,false,"m6g.large",147.82972071421275,"m7g.large",146.56809416476426,"t4g.large",NaN
"i-0cf315dbb2d8a35a3","gtp-stage-transient","beardsley-test","us-east-1","2025-01-08",12.626666666666667,"m6g.4xlarge",168.94825224481457,false,"m6g.large",147.82972071421275,"m7g.large",146.56809416476426,"t4g.large",NaN
"i-0d290e528b62df049","gtp-stage-transient","beardsley-test","us-east-1","2025-01-08",22.544999999999998,"m6g.4xlarge",168.94825224481457,false,"r6g.xlarge",113.65609703327053,"r7g.xlarge",110.20033728621843,"x8g.large",NaN
"i-0b1464a8fca917a77","gtp-stage-transient","beardsley-test","us-east-1","2024-12-11",12.668333333333335,"m6g.4xlarge",168.94825224481457,false,"r6g.large",141.30217460475401,"r7g.large",139.574294763756,"x8g.medium",NaN
"i-0aa49b8672675a3a0","gtp-stage-transient","beardsley-test","us-east-1","2024-12-11",13.278333333333334,"m6g.4xlarge",168.94825224481457,false,"r6g.large",141.30217460475401,"r7g.large",139.574294763756,"r8g.large",NaN
"i-0ca1cf470e68d438a","gtp-stage-transient","beardsley-test","us-east-1","2024-12-11",28.513333333333335,"m6g.4xlarge",168.94825224481457,false,"r6g.large",141.30217460475401,"r7g.large",139.574294763756,"r8g.large",NaN
"i-0cd78cd006e2d9185","gtp-stage-transient","beardsley-test","us-east-1","2025-01-08",14.155000000000001,"m6g.4xlarge",168.94825224481457,false,"m6g.large",147.82972071421275,"m7g.large",146.56809416476426,"t4g.large",NaN
"i-0b4f70b27e74a9833","gtp-stage-transient","beardsley-test","us-east-1","2025-01-09",11.468333333333332,"m6g.4xlarge",168.94825224481457,false,"r7g.large",139.574294763756,"r8g.large",NaN,,
"i-0cfd2bbea8fe812d0","gtp-stage-transient","beardsley-test","us-east-1","2025-01-09",21.535,"m6g.4xlarge",168.94825224481457,false,"r6g.xlarge",113.65609703327053,"r7g.xlarge",110.20033728621843,"x8g.large",NaN
"i-0a8637f9c78050105","gtp-stage-transient","beardsley-test","us-east-1","2025-01-09",20.063333333333333,"m6g.4xlarge",168.94825224481457,false,"r6g.xlarge",113.65609703327053,"r7g.xlarge",110.20033728621843,"x8g.large",NaN
"i-0d398ced2591460c5","gtp-stage-transient","beardsley-test","us-east-1","2025-01-09",12.381666666666668,"m6g.4xlarge",168.94825224481457,false,"m6g.large",147.82972071421275,"m7g.large",146.56809416476426,"t4g.large",NaN
"i-0d5b91737440a9f6c","gtp-stage-transient","beardsley-test","us-east-1","2025-01-08",11.896666666666667,"m6g.4xlarge",168.94825224481457,false,"m6g.large",147.82972071421275,"m7g.large",146.56809416476426,"t4g.large",NaN
"i-0d36a22c1759e41a1","gtp-stage-transient","beardsley-test","us-east-1","2024-12-11",16.985,"m6g.4xlarge",168.94825224481457,false,"r6g.large",141.30217460475401,"r7g.large",139.574294763756,"r8g.large",NaN
"i-0ea6301141567b15c","gtp-stage-transient","beardsley-test","us-east-1","2025-01-08",34.92166666666667,"m6g.4xlarge",168.94825224481457,false,"r8g.xlarge",104.3200603959884,"t4g.2xlarge",95.22537853798642,"m6g.2xlarge",84.47412612240733
"i-0ed4a0c4f913c450b","gtp-stage-transient","beardsley-test","us-east-1","2025-01-08",17.468333333333334,"m6g.4xlarge",168.94825224481457,false,"r6g.xlarge",113.65609703327053,"r7g.xlarge",110.20033728621843,"x8g.large",NaN
"i-08d779fececa2c708","gtp-stage-transient","beardsley-test","us-east-1","2025-01-08",37.07333333333334,"m6g.4xlarge",168.94825224481457,false,"r7g.xlarge",110.20033728621843,"r8g.xlarge",104.3200603959884,"t4g.2xlarge",95.22537853798642
"i-0843e496f15d45aa5","gtp-stage-transient","beardsley-test","us-east-1","2025-01-08",12.938333333333333,"m6g.4xlarge",168.94825224481457,false,"m6g.large",147.82972071421275,"m7g.large",146.56809416476426,"t4g.large",NaN
"i-09351bd830c5ee262","gtp-stage-transient","beardsley-test","us-east-1","2025-01-08",13.769999999999998,"m6g.4xlarge",168.94825224481457,false,"m6g.large",147.82972071421275,"m7g.large",146.56809416476426,"t4g.large",NaN
"i-0893eb0d9893ce855","gtp-stage-transient","beardsley-test","us-east-1","2025-01-08",12.968333333333334,"m6g.4xlarge",168.94825224481457,false,"m7g.large",146.56809416476426,"r7g.large",139.574294763756,"r8g.large",NaN
"i-0f5065b3686d7571b","gtp-stage-transient","beardsley-test","us-east-1","2025-01-08",14.42333333333333,"m6g.4xlarge",168.94825224481457,false,"m6g.large",147.82972071421275,"m7g.large",146.56809416476426,"t4g.large",NaN
"i-0f54b82a7e8526fb0","gtp-stage-transient","beardsley-test","us-east-1","2025-01-08",20.31833333333333,"m6g.4xlarge",168.94825224481457,false,"r6g.xlarge",113.65609703327053,"r7g.xlarge",110.20033728621843,"x8g.large",NaN
"i-0fba4c1b7c503a8b6","gtp-stage-transient","beardsley-test","us-east-1","2025-01-08",39.655,"m6g.4xlarge",168.94825224481457,false,"r7g.xlarge",110.20033728621843,"r8g.xlarge",104.3200603959884,"t4g.2xlarge",95.22537853798642
"i-0f7b15feb2423972b","gtp-stage-transient","beardsley-test","us-east-1","2025-01-08",35.135,"m6g.4xlarge",168.94825224481457,false,"r7g.xlarge",110.20033728621843,"r8g.xlarge",104.3200603959884,"t4g.2xlarge",95.22537853798642
"i-0f644c42a8432ccb1","gtp-stage-transient","beardsley-test","us-east-1","2025-01-08",13.725000000000001,"m6g.4xlarge",168.94825224481457,false,"m7g.large",146.56809416476426,"r7g.large",139.574294763756,"r8g.large",NaN
"i-0148644ca6cec36a2","container12","beardsley-prod","us-east-1","2025-01-09",44.236666666666665,"r6g.xlarge",55.29215521154405,false,"m7g.large",32.91199713149375,"r7g.large",25.918197730485492,"r8g.large",NaN
"i-026f5e240f152bb2a","container12","beardsley-prod","us-east-1","2025-01-09",44.28333333333334,"r6g.xlarge",55.29215521154405,false,"m7g.large",32.91199713149375,"r7g.large",25.918197730485492,"r8g.large",NaN
"i-08da03ff0cfe3be62","container12-transient","beardsley-prod","us-east-1","2024-11-11",6.308333333333334,"m6g.8xlarge",337.89650453805336,false,"r6g.4xlarge",116.72788343645749,"r7g.4xlarge",102.90484460521864,"x8g.2xlarge",NaN
"i-08196078ee0bd87d0","container12","beardsley-prod","us-east-1","2025-01-09",29.60833333333333,"m6g.2xlarge",84.47412612240724,false,"r6g.xlarge",29.181970910863193,"r7g.xlarge",25.7262111638111,"x8g.large",NaN
"i-0e563ebd9f7eb1995","container12","beardsley-prod","us-east-1","2025-01-09",46.88666666666666,"r6g.xlarge",55.29215521154405,false,"m7g.large",32.91199713149375,"r7g.large",25.918197730485492,"r8g.large",NaN
"i-03cf438b95a420b01","gtp-prod","beardsley-prod","us-east-1","2024-12-12",20.783333333333335,"m6g.8xlarge",337.89650453805336,false,"r6g.4xlarge",116.72788343645749,"r7g.4xlarge",102.90484460521864,"x8g.2xlarge",NaN
"i-04aa1e22916aa6ba8","container12","beardsley-prod","us-east-1","2025-01-09",43.995,"r6g.xlarge",55.29215521154405,false,"m7g.large",32.91199713149375,"r7g.large",25.918197730485492,"r8g.large",NaN
"i-06cf07c5d341255fa","container13","beardsley-prod","us-east-1","2025-01-07",28.724999999999998,"m6g.2xlarge",84.47412612240724,false,"r6g.xlarge",29.181970910863193,"r7g.xlarge",25.7262111638111,"x8g.large",NaN
