{
  "entries": [
    {"url":"s3://lytx-marketing-vendor-prod-oregon-003/6Sense/webvisit/stage/year=2025/month=4/day=13/","mandatory":true},
    {"url":"s3://lytx-marketing-vendor-prod-oregon-003/6Sense/webvisit/stage/year=2025/month=4/day=14/","mandatory":true},
    {"url":"s3://lytx-marketing-vendor-prod-oregon-003/6Sense/webvisit/stage/year=2025/month=4/day=15/","mandatory":true},
    {"url":"s3://lytx-marketing-vendor-prod-oregon-003/6Sense/webvisit/stage/year=2025/month=4/day=16/","mandatory":true},
    {"url":"s3://lytx-marketing-vendor-prod-oregon-003/6Sense/webvisit/stage/year=2025/month=4/day=17/","mandatory":true},
    {"url":"s3://lytx-marketing-vendor-prod-oregon-003/6Sense/webvisit/stage/year=2025/month=4/day=18/","mandatory":true},
    {"url":"s3://lytx-marketing-vendor-prod-oregon-003/6Sense/webvisit/stage/year=2025/month=4/day=19/","mandatory":true},
    {"url":"s3://lytx-marketing-vendor-prod-oregon-003/6Sense/webvisit/stage/year=2025/month=4/day=20/","mandatory":true},
    {"url":"s3://lytx-marketing-vendor-prod-oregon-003/6Sense/webvisit/stage/year=2025/month=4/day=21/","mandatory":true},
    {"url":"s3://lytx-marketing-vendor-prod-oregon-003/6Sense/webvisit/stage/year=2025/month=4/day=22/","mandatory":true},
    {"url":"s3://lytx-marketing-vendor-prod-oregon-003/6Sense/webvisit/stage/year=2025/month=4/day=23/","mandatory":true},
    {"url":"s3://lytx-marketing-vendor-prod-oregon-003/6Sense/webvisit/stage/year=2025/month=4/day=24/","mandatory":true},
    {"url":"s3://lytx-marketing-vendor-prod-oregon-003/6Sense/webvisit/stage/year=2025/month=4/day=25/","mandatory":true},
    {"url":"s3://lytx-marketing-vendor-prod-oregon-003/6Sense/webvisit/stage/year=2025/month=4/day=26/","mandatory":true},
    {"url":"s3://lytx-marketing-vendor-prod-oregon-003/6Sense/webvisit/stage/year=2025/month=4/day=27/","mandatory":true},
    {"url":"s3://lytx-marketing-vendor-prod-oregon-003/6Sense/webvisit/stage/year=2025/month=4/day=28/","mandatory":true},
    {"url":"s3://lytx-marketing-vendor-prod-oregon-003/6Sense/webvisit/stage/year=2025/month=4/day=29/","mandatory":true},
    {"url":"s3://lytx-marketing-vendor-prod-oregon-003/6Sense/webvisit/stage/year=2025/month=4/day=30/","mandatory":true},
    {"url":"s3://lytx-marketing-vendor-prod-oregon-003/6Sense/webvisit/stage/year=2025/month=5/","mandatory":true},
    {"url":"s3://lytx-marketing-vendor-prod-oregon-003/6Sense/webvisit/stage/year=2025/month=6/day=1/","mandatory":true},
    {"url":"s3://lytx-marketing-vendor-prod-oregon-003/6Sense/webvisit/stage/year=2025/month=6/day=2/","mandatory":true},
    {"url":"s3://lytx-marketing-vendor-prod-oregon-003/6Sense/webvisit/stage/year=2025/month=6/day=3/","mandatory":true},
    {"url":"s3://lytx-marketing-vendor-prod-oregon-003/6Sense/webvisit/stage/year=2025/month=6/day=4/","mandatory":true},
    {"url":"s3://lytx-marketing-vendor-prod-oregon-003/6Sense/webvisit/stage/year=2025/month=6/day=5/","mandatory":true},
    {"url":"s3://lytx-marketing-vendor-prod-oregon-003/6Sense/webvisit/stage/year=2025/month=6/day=6/","mandatory":true},
    {"url":"s3://lytx-marketing-vendor-prod-oregon-003/6Sense/webvisit/stage/year=2025/month=6/day=7/","mandatory":true},
    {"url":"s3://lytx-marketing-vendor-prod-oregon-003/6Sense/webvisit/stage/year=2025/month=6/day=8/","mandatory":true},
    {"url":"s3://lytx-marketing-vendor-prod-oregon-003/6Sense/webvisit/stage/year=2025/month=6/day=9/","mandatory":true},
    {"url":"s3://lytx-marketing-vendor-prod-oregon-003/6Sense/webvisit/stage/year=2025/month=6/day=10/","mandatory":true},
    {"url":"s3://lytx-marketing-vendor-prod-oregon-003/6Sense/webvisit/stage/year=2025/month=6/day=11/","mandatory":true},
    {"url":"s3://lytx-marketing-vendor-prod-oregon-003/6Sense/webvisit/stage/year=2025/month=6/day=12/","mandatory":true},
    {"url":"s3://lytx-marketing-vendor-prod-oregon-003/6Sense/webvisit/stage/year=2025/month=6/day=13/","mandatory":true},
    {"url":"s3://lytx-marketing-vendor-prod-oregon-003/6Sense/webvisit/stage/year=2025/month=6/day=14/","mandatory":true},
    {"url":"s3://lytx-marketing-vendor-prod-oregon-003/6Sense/webvisit/stage/year=2025/month=6/day=15/","mandatory":true}
  ]
}
