{
	"info": {
		"_postman_id": "9e12be92-ca25-46c0-94be-1b2dfebc8a11",
		"name": "SalesforceReplicationService",
		"schema": "https://schema.getpostman.com/json/collection/v2.1.0/collection.json"
	},
	"item": [
		{
			"name": "Dev",
			"item": [
				{
					"name": "DEV :: Get all running executions Copy",
					"protocolProfileBehavior": {
						"disableBodyPruning": true
					},
					"request": {
						"method": "GET",
						"header": [],
						"body": {
							"mode": "raw",
							"raw": "",
							"options": {
								"raw": {
									"language": "json"
								}
							}
						},
						"url": {
							"raw": "salesforce-replication-dev.dataplatform.dev.private/sf-replication-service/get-all-running-execution",
							"host": [
								"salesforce-replication-dev",
								"dataplatform",
								"dev",
								"private"
							],
							"path": [
								"sf-replication-service",
								"get-all-running-execution"
							]
						}
					},
					"response": []
				},
				{
					"name": "DEV :: discard execution",
					"request": {
						"method": "PUT",
						"header": [],
						"body": {
							"mode": "raw",
							"raw": "{\r\n    \"objectName\" : \"Asset\"\r\n}",
							"options": {
								"raw": {
									"language": "json"
								}
							}
						},
						"url": {
							"raw": "salesforce-replication-dev.dataplatform.dev.private/sf-replication-service/discard-running-execution",
							"host": [
								"salesforce-replication-dev",
								"dataplatform",
								"dev",
								"private"
							],
							"path": [
								"sf-replication-service",
								"discard-running-execution"
							]
						}
					},
					"response": []
				},
				{
					"name": "DEV :: Generic",
					"request": {
						"method": "POST",
						"header": [],
						"body": {
							"mode": "raw",
							"raw": "{\r\n    \"scheduleId\" : \"1011\",\r\n    \"objectName\" : \"ContactHistory\",\r\n    \"snowflakeTableName\": \"CONTACT_HISTORY\",\r\n    \"deletedRecordDuration\": 2\r\n}",
							"options": {
								"raw": {
									"language": "json"
								}
							}
						},
						"url": {
							"raw": "http://salesforce-replication-dev.dataplatform.dev.private/sf-replication-service/execute",
							"protocol": "http",
							"host": [
								"salesforce-replication-dev",
								"dataplatform",
								"dev",
								"private"
							],
							"path": [
								"sf-replication-service",
								"execute"
							]
						}
					},
					"response": []
				},
				{
					"name": "DEV :: Account_Marketing_Lifecycle_History__c object",
					"request": {
						"method": "POST",
						"header": [],
						"body": {
							"mode": "raw",
							"raw": "{\r\n    \"scheduleId\" : \"1001\",\r\n    \"objectName\" : \"Account_Marketing_Lifecycle_History__c\",\r\n    \"snowflakeTableName\": \"ACCOUNT_MARKETING_LIFECYCLE_HISTORY__C\" \r\n}",
							"options": {
								"raw": {
									"language": "json"
								}
							}
						},
						"url": {
							"raw": "http://salesforce-replication-dev.dataplatform.dev.private/sf-replication-service/execute",
							"protocol": "http",
							"host": [
								"salesforce-replication-dev",
								"dataplatform",
								"dev",
								"private"
							],
							"path": [
								"sf-replication-service",
								"execute"
							]
						}
					},
					"response": []
				},
				{
					"name": "DEV :: Opportunity object",
					"request": {
						"method": "POST",
						"header": [],
						"body": {
							"mode": "raw",
							"raw": "{\r\n    \"scheduleId\" : \"1006\",\r\n    \"objectName\" : \"Opportunity\",\r\n    \"snowflakeTableName\": \"OPPORTUNITY\",\r\n    \"deletedRecordDuration\": 5\r\n}",
							"options": {
								"raw": {
									"language": "json"
								}
							}
						},
						"url": {
							"raw": "http://salesforce-replication-dev.dataplatform.dev.private/sf-replication-service/execute",
							"protocol": "http",
							"host": [
								"salesforce-replication-dev",
								"dataplatform",
								"dev",
								"private"
							],
							"path": [
								"sf-replication-service",
								"execute"
							]
						}
					},
					"response": []
				},
				{
					"name": "DEV :: CaseHistory",
					"request": {
						"method": "POST",
						"header": [],
						"body": {
							"mode": "raw",
							"raw": "{\r\n    \"scheduleId\" : \"1009\",\r\n    \"objectName\" : \"CaseHistory\",\r\n    \"snowflakeTableName\": \"CASE_HISTORY\",\r\n    \"deletedRecordDuration\": 2\r\n}",
							"options": {
								"raw": {
									"language": "json"
								}
							}
						},
						"url": {
							"raw": "http://salesforce-replication-dev.dataplatform.dev.private/sf-replication-service/execute",
							"protocol": "http",
							"host": [
								"salesforce-replication-dev",
								"dataplatform",
								"dev",
								"private"
							],
							"path": [
								"sf-replication-service",
								"execute"
							]
						}
					},
					"response": []
				},
				{
					"name": "SBQQ__Quote__c",
					"request": {
						"method": "POST",
						"header": [],
						"body": {
							"mode": "raw",
							"raw": "{\r\n    \"scheduleId\" : \"1000\",\r\n    \"objectName\" : \"Opportunity\",\r\n    \"snowflakeTableName\": \"OPPORTUNITY\" \r\n}",
							"options": {
								"raw": {
									"language": "json"
								}
							}
						},
						"url": {
							"raw": "http://salesforce-replication-dev.dataplatform.dev.private/sf-replication-service/execute",
							"protocol": "http",
							"host": [
								"salesforce-replication-dev",
								"dataplatform",
								"dev",
								"private"
							],
							"path": [
								"sf-replication-service",
								"execute"
							]
						}
					},
					"response": []
				},
				{
					"name": "DEV :: discard all running executions Copy",
					"request": {
						"method": "PUT",
						"header": [],
						"body": {
							"mode": "raw",
							"raw": "",
							"options": {
								"raw": {
									"language": "json"
								}
							}
						},
						"url": {
							"raw": "salesforce-replication-dev.dataplatform.dev.private/sf-replication-service/discard-all-running-execution",
							"host": [
								"salesforce-replication-dev",
								"dataplatform",
								"dev",
								"private"
							],
							"path": [
								"sf-replication-service",
								"discard-all-running-execution"
							]
						}
					},
					"response": []
				},
				{
					"name": "DEV :: discard execution Copy",
					"request": {
						"method": "PUT",
						"header": [],
						"body": {
							"mode": "raw",
							"raw": "{\r\n    \"objectName\" : \"Asset\"\r\n}",
							"options": {
								"raw": {
									"language": "json"
								}
							}
						},
						"url": {
							"raw": "salesforce-replication-dev.dataplatform.dev.private/sf-replication-service/discard-running-execution",
							"host": [
								"salesforce-replication-dev",
								"dataplatform",
								"dev",
								"private"
							],
							"path": [
								"sf-replication-service",
								"discard-running-execution"
							]
						}
					},
					"response": []
				},
				{
					"name": "Error_Log__c",
					"request": {
						"method": "POST",
						"header": [],
						"body": {
							"mode": "raw",
							"raw": "{\r\n    \"scheduleId\" : \"1004\",\r\n    \"objectName\" : \"Error_Log__c\",\r\n    \"snowflakeTableName\": \"ERROR_LOG__C\",\r\n    \"deletedRecordDuration\": 5\r\n}",
							"options": {
								"raw": {
									"language": "json"
								}
							}
						},
						"url": {
							"raw": "http://salesforce-replication-dev.dataplatform.dev.private/sf-replication-service/execute",
							"protocol": "http",
							"host": [
								"salesforce-replication-dev",
								"dataplatform",
								"dev",
								"private"
							],
							"path": [
								"sf-replication-service",
								"execute"
							]
						}
					},
					"response": []
				},
				{
					"name": "Return_to_Marketing_Status__mdt",
					"request": {
						"method": "POST",
						"header": [],
						"body": {
							"mode": "raw",
							"raw": "{\r\n    \"scheduleId\" : \"1004\",\r\n    \"objectName\" : \"Return_to_Marketing_Status__mdt\",\r\n    \"snowflakeTableName\": \"RETURN_TO_MARKETING_STATUS__MDT\",\r\n    \"deletedRecordDuration\": 5\r\n}",
							"options": {
								"raw": {
									"language": "json"
								}
							}
						},
						"url": {
							"raw": "http://salesforce-replication-dev.dataplatform.dev.private/sf-replication-service/execute",
							"protocol": "http",
							"host": [
								"salesforce-replication-dev",
								"dataplatform",
								"dev",
								"private"
							],
							"path": [
								"sf-replication-service",
								"execute"
							]
						}
					},
					"response": []
				},
				{
					"name": "Lead Object",
					"request": {
						"method": "POST",
						"header": [],
						"body": {
							"mode": "raw",
							"raw": "{\r\n    \"scheduleId\" : \"1025\",\r\n    \"objectName\" : \"Lead\",\r\n    \"snowflakeTableName\": \"LEAD\",\r\n    \"deletedRecordDuration\": 5\r\n}",
							"options": {
								"raw": {
									"language": "json"
								}
							}
						},
						"url": {
							"raw": "http://salesforce-replication-dev.dataplatform.dev.private/sf-replication-service/execute",
							"protocol": "http",
							"host": [
								"salesforce-replication-dev",
								"dataplatform",
								"dev",
								"private"
							],
							"path": [
								"sf-replication-service",
								"execute"
							]
						}
					},
					"response": []
				},
				{
					"name": "DEV :: Account object",
					"request": {
						"method": "POST",
						"header": [],
						"body": {
							"mode": "raw",
							"raw": "{\r\n    \"scheduleId\" : \"1002\",\r\n    \"objectName\" : \"Account\",\r\n    \"snowflakeTableName\": \"ACCOUNT\" \r\n}",
							"options": {
								"raw": {
									"language": "json"
								}
							}
						},
						"url": {
							"raw": "http://salesforce-replication-dev.dataplatform.dev.private/sf-replication-service/execute",
							"protocol": "http",
							"host": [
								"salesforce-replication-dev",
								"dataplatform",
								"dev",
								"private"
							],
							"path": [
								"sf-replication-service",
								"execute"
							]
						}
					},
					"response": []
				},
				{
					"name": "DEV :: Contact",
					"request": {
						"method": "POST",
						"header": [],
						"body": {
							"mode": "raw",
							"raw": "{\r\n    \"scheduleId\" : \"1014\",\r\n    \"objectName\" : \"Contact\",\r\n    \"snowflakeTableName\": \"CONTACT\",\r\n    \"deletedRecordDuration\": 5\r\n}",
							"options": {
								"raw": {
									"language": "json"
								}
							}
						},
						"url": {
							"raw": "http://salesforce-replication-dev.dataplatform.dev.private/sf-replication-service/execute",
							"protocol": "http",
							"host": [
								"salesforce-replication-dev",
								"dataplatform",
								"dev",
								"private"
							],
							"path": [
								"sf-replication-service",
								"execute"
							]
						}
					},
					"response": []
				},
				{
					"name": "DEV :: discard Account_Marketing_Lifecycle_History__c execution",
					"request": {
						"method": "PUT",
						"header": [],
						"body": {
							"mode": "raw",
							"raw": "{\r\n    \"scheduleId\" : \"1001\",\r\n    \"objectName\" : \"Account_Marketing_Lifecycle_History__c\",\r\n    \"snowflakeTableName\": \"ACCOUNT_MARKETING_LIFECYCLE_HISTORY__C\" \r\n}",
							"options": {
								"raw": {
									"language": "json"
								}
							}
						},
						"url": {
							"raw": "salesforce-replication-dev.dataplatform.dev.private/sf-replication-service/discard-running-execution",
							"host": [
								"salesforce-replication-dev",
								"dataplatform",
								"dev",
								"private"
							],
							"path": [
								"sf-replication-service",
								"discard-running-execution"
							]
						}
					},
					"response": []
				},
				{
					"name": "DEV :: User",
					"request": {
						"method": "POST",
						"header": [],
						"body": {
							"mode": "raw",
							"raw": "{\r\n    \"scheduleId\" : \"1041\",\r\n    \"objectName\" : \"User\",\r\n    \"snowflakeTableName\": \"USER\",\r\n    \"deletedRecordDuration\": 5\r\n}",
							"options": {
								"raw": {
									"language": "json"
								}
							}
						},
						"url": {
							"raw": "http://salesforce-replication-dev.dataplatform.dev.private/sf-replication-service/execute",
							"protocol": "http",
							"host": [
								"salesforce-replication-dev",
								"dataplatform",
								"dev",
								"private"
							],
							"path": [
								"sf-replication-service",
								"execute"
							]
						}
					},
					"response": []
				}
			]
		},
		{
			"name": "Stage",
			"item": [
				{
					"name": "STAGE :: Get all running executions",
					"protocolProfileBehavior": {
						"disableBodyPruning": true
					},
					"request": {
						"method": "GET",
						"header": [],
						"body": {
							"mode": "raw",
							"raw": "",
							"options": {
								"raw": {
									"language": "json"
								}
							}
						},
						"url": {
							"raw": "salesforce-replication-stg.dataplatform.stg.private/sf-replication-service/get-all-running-execution",
							"host": [
								"salesforce-replication-stg",
								"dataplatform",
								"stg",
								"private"
							],
							"path": [
								"sf-replication-service",
								"get-all-running-execution"
							]
						}
					},
					"response": []
				},
				{
					"name": "STAGE :: Opportunity object",
					"request": {
						"method": "POST",
						"header": [],
						"body": {
							"mode": "raw",
							"raw": "{\r\n    \"scheduleId\" : \"1000\",\r\n    \"objectName\" : \"Opportunity\",\r\n    \"snowflakeTableName\": \"OPPORTUNITY\" \r\n}",
							"options": {
								"raw": {
									"language": "json"
								}
							}
						},
						"url": {
							"raw": "salesforce-replication-stg.dataplatform.stg.private/sf-replication-service/execute",
							"host": [
								"salesforce-replication-stg",
								"dataplatform",
								"stg",
								"private"
							],
							"path": [
								"sf-replication-service",
								"execute"
							]
						}
					},
					"response": []
				},
				{
					"name": "STAGE Generic",
					"request": {
						"method": "POST",
						"header": [],
						"body": {
							"mode": "raw",
							"raw": "{\r\n    \"scheduleId\" : \"1024\",\r\n    \"objectName\" : \"Installation__c\",\r\n    \"snowflakeTableName\": \"INSTALLATION__C\",\r\n    \"deletedRecordDuration\": 5\r\n}",
							"options": {
								"raw": {
									"language": "json"
								}
							}
						},
						"url": {
							"raw": "salesforce-replication-stg.dataplatform.stg.private/sf-replication-service/execute",
							"host": [
								"salesforce-replication-stg",
								"dataplatform",
								"stg",
								"private"
							],
							"path": [
								"sf-replication-service",
								"execute"
							]
						}
					},
					"response": []
				},
				{
					"name": "STAGE :: Account_Marketing_Lifecycle_History__c object",
					"request": {
						"method": "POST",
						"header": [],
						"body": {
							"mode": "raw",
							"raw": "{\r\n    \"scheduleId\" : \"1001\",\r\n    \"objectName\" : \"Account_Marketing_Lifecycle_History__c\",\r\n    \"snowflakeTableName\": \"ACCOUNT_MARKETING_LIFECYCLE_HISTORY__C\",\r\n    \"deletedRecordDuration\": 5\r\n}",
							"options": {
								"raw": {
									"language": "json"
								}
							}
						},
						"url": {
							"raw": "salesforce-replication-stg.dataplatform.stg.private/sf-replication-service/execute",
							"host": [
								"salesforce-replication-stg",
								"dataplatform",
								"stg",
								"private"
							],
							"path": [
								"sf-replication-service",
								"execute"
							]
						}
					},
					"response": []
				},
				{
					"name": "STAGE :: Account",
					"request": {
						"method": "POST",
						"header": [],
						"body": {
							"mode": "raw",
							"raw": "{\r\n    \"scheduleId\" : \"1002\",\r\n    \"objectName\" : \"Account\",\r\n    \"snowflakeTableName\": \"ACCOUNT\" \r\n}",
							"options": {
								"raw": {
									"language": "json"
								}
							}
						},
						"url": {
							"raw": "salesforce-replication-stg.dataplatform.stg.private/sf-replication-service/execute",
							"host": [
								"salesforce-replication-stg",
								"dataplatform",
								"stg",
								"private"
							],
							"path": [
								"sf-replication-service",
								"execute"
							]
						}
					},
					"response": []
				},
				{
					"name": "STAGE :: discard Opportunity execution",
					"request": {
						"method": "PUT",
						"header": [],
						"body": {
							"mode": "raw",
							"raw": "{\r\n    \"scheduleId\" : \"1000\",\r\n    \"objectName\" : \"Opportunity\",\r\n    \"snowflakeTableName\": \"OPPORTUNITY\" \r\n}",
							"options": {
								"raw": {
									"language": "json"
								}
							}
						},
						"url": {
							"raw": "salesforce-replication-stg.dataplatform.stg.private/sf-replication-service/discard-running-execution",
							"host": [
								"salesforce-replication-stg",
								"dataplatform",
								"stg",
								"private"
							],
							"path": [
								"sf-replication-service",
								"discard-running-execution"
							]
						}
					},
					"response": []
				},
				{
					"name": "STAGE :: Case",
					"request": {
						"method": "POST",
						"header": [],
						"body": {
							"mode": "raw",
							"raw": "{\r\n    \"scheduleId\" : \"1006\",\r\n    \"objectName\" : \"Case\",\r\n    \"snowflakeTableName\": \"CASE\",\r\n    \"deletedRecordDuration\": 5\r\n}",
							"options": {
								"raw": {
									"language": "json"
								}
							}
						},
						"url": {
							"raw": "salesforce-replication-stg.dataplatform.stg.private/sf-replication-service/execute",
							"host": [
								"salesforce-replication-stg",
								"dataplatform",
								"stg",
								"private"
							],
							"path": [
								"sf-replication-service",
								"execute"
							]
						}
					},
					"response": []
				},
				{
					"name": "STAGE :: discard Account execution",
					"request": {
						"method": "PUT",
						"header": [],
						"body": {
							"mode": "raw",
							"raw": "{\r\n    \"scheduleId\" : \"1002\",\r\n    \"objectName\" : \"Account\",\r\n    \"snowflakeTableName\": \"ACCOUNT\" \r\n}",
							"options": {
								"raw": {
									"language": "json"
								}
							}
						},
						"url": {
							"raw": "salesforce-replication-stg.dataplatform.stg.private/sf-replication-service/discard-running-execution",
							"host": [
								"salesforce-replication-stg",
								"dataplatform",
								"stg",
								"private"
							],
							"path": [
								"sf-replication-service",
								"discard-running-execution"
							]
						}
					},
					"response": []
				},
				{
					"name": "STAGE :: discard Account_Marketing_Lifecycle_History__c  execution",
					"request": {
						"method": "PUT",
						"header": [],
						"body": {
							"mode": "raw",
							"raw": "{\r\n    \"scheduleId\" : \"1001\",\r\n    \"objectName\" : \"Account_Marketing_Lifecycle_History__c\",\r\n    \"snowflakeTableName\": \"ACCOUNT_MARKETING_LIFECYCLE_HISTORY__C\" \r\n}",
							"options": {
								"raw": {
									"language": "json"
								}
							}
						},
						"url": {
							"raw": "salesforce-replication-stg.dataplatform.stg.private/sf-replication-service/discard-running-execution",
							"host": [
								"salesforce-replication-stg",
								"dataplatform",
								"stg",
								"private"
							],
							"path": [
								"sf-replication-service",
								"discard-running-execution"
							]
						}
					},
					"response": []
				},
				{
					"name": "STAGE :: get status of pull request for objects",
					"protocolProfileBehavior": {
						"disableBodyPruning": true
					},
					"request": {
						"method": "GET",
						"header": [],
						"body": {
							"mode": "raw",
							"raw": "",
							"options": {
								"raw": {
									"language": "json"
								}
							}
						},
						"url": {
							"raw": "salesforce-replication-stg.dataplatform.stg.private/sf-replication-service/status?objectNames=Opportunity,Account_Marketing_Lifecycle_History__c",
							"host": [
								"salesforce-replication-stg",
								"dataplatform",
								"stg",
								"private"
							],
							"path": [
								"sf-replication-service",
								"status"
							],
							"query": [
								{
									"key": "objectNames",
									"value": "Opportunity,Account_Marketing_Lifecycle_History__c"
								}
							]
						}
					},
					"response": []
				},
				{
					"name": "STAGE :: Asset_Subscription_History__c Object",
					"request": {
						"method": "POST",
						"header": [],
						"body": {
							"mode": "raw",
							"raw": "{\r\n    \"scheduleId\" : \"1005\",\r\n    \"objectName\" : \"Asset_Subscription_History__c\",\r\n    \"snowflakeTableName\": \"ASSET_SUBSCRIPTION_HISTORY__C\",\r\n    \"deletedRecordDuration\": 5\r\n}",
							"options": {
								"raw": {
									"language": "json"
								}
							}
						},
						"url": {
							"raw": "salesforce-replication-stg.dataplatform.stg.private/sf-replication-service/execute",
							"host": [
								"salesforce-replication-stg",
								"dataplatform",
								"stg",
								"private"
							],
							"path": [
								"sf-replication-service",
								"execute"
							]
						}
					},
					"response": []
				}
			]
		},
		{
			"name": "Prod",
			"item": [
				{
					"name": "PROD :: Get all running executions",
					"protocolProfileBehavior": {
						"disableBodyPruning": true
					},
					"request": {
						"method": "GET",
						"header": [],
						"body": {
							"mode": "raw",
							"raw": "",
							"options": {
								"raw": {
									"language": "json"
								}
							}
						},
						"url": {
							"raw": "salesforce-replication-prod.dataplatform.prod.private/sf-replication-service/get-all-running-execution",
							"host": [
								"salesforce-replication-prod",
								"dataplatform",
								"prod",
								"private"
							],
							"path": [
								"sf-replication-service",
								"get-all-running-execution"
							]
						}
					},
					"response": []
				},
				{
					"name": "STAGE :: Opportunity object",
					"request": {
						"method": "POST",
						"header": [],
						"body": {
							"mode": "raw",
							"raw": "{\r\n    \"scheduleId\" : \"1000\",\r\n    \"objectName\" : \"Opportunity\",\r\n    \"snowflakeTableName\": \"OPPORTUNITY\" \r\n}",
							"options": {
								"raw": {
									"language": "json"
								}
							}
						},
						"url": {
							"raw": "salesforce-replication-stg.dataplatform.stg.private/sf-replication-service/execute",
							"host": [
								"salesforce-replication-stg",
								"dataplatform",
								"stg",
								"private"
							],
							"path": [
								"sf-replication-service",
								"execute"
							]
						}
					},
					"response": []
				},
				{
					"name": "STAGE :: Account_Marketing_Lifecycle_History__c object",
					"request": {
						"method": "POST",
						"header": [],
						"body": {
							"mode": "raw",
							"raw": "{\r\n    \"scheduleId\" : \"1001\",\r\n    \"objectName\" : \"Account_Marketing_Lifecycle_History__c\",\r\n    \"snowflakeTableName\": \"ACCOUNT_MARKETING_LIFECYCLE_HISTORY__C\",\r\n    \"deletedRecordDuration\": 5\r\n}",
							"options": {
								"raw": {
									"language": "json"
								}
							}
						},
						"url": {
							"raw": "salesforce-replication-stg.dataplatform.stg.private/sf-replication-service/execute",
							"host": [
								"salesforce-replication-stg",
								"dataplatform",
								"stg",
								"private"
							],
							"path": [
								"sf-replication-service",
								"execute"
							]
						}
					},
					"response": []
				},
				{
					"name": "PROD :: Generic",
					"request": {
						"method": "POST",
						"header": [],
						"body": {
							"mode": "raw",
							"raw": "{\r\n    \"scheduleId\" : \"1000\",\r\n    \"objectName\" : \"Lead\",\r\n    \"snowflakeTableName\": \"LEAD\",\r\n    \"deletedRecordDuration\": 5\r\n}",
							"options": {
								"raw": {
									"language": "json"
								}
							}
						},
						"url": {
							"raw": "salesforce-replication-prod.dataplatform.prod.private/sf-replication-service/execute",
							"host": [
								"salesforce-replication-prod",
								"dataplatform",
								"prod",
								"private"
							],
							"path": [
								"sf-replication-service",
								"execute"
							]
						}
					},
					"response": []
				},
				{
					"name": "STAGE :: discard Opportunity execution",
					"request": {
						"method": "PUT",
						"header": [],
						"body": {
							"mode": "raw",
							"raw": "{\r\n    \"scheduleId\" : \"1000\",\r\n    \"objectName\" : \"Opportunity\",\r\n    \"snowflakeTableName\": \"OPPORTUNITY\" \r\n}",
							"options": {
								"raw": {
									"language": "json"
								}
							}
						},
						"url": {
							"raw": "http://salesforce-replication-prod.dataplatform.prod.private/sf-replication-service/discard-running-execution",
							"protocol": "http",
							"host": [
								"salesforce-replication-prod",
								"dataplatform",
								"prod",
								"private"
							],
							"path": [
								"sf-replication-service",
								"discard-running-execution"
							]
						}
					},
					"response": []
				},
				{
					"name": "STAGE :: discard Account execution",
					"request": {
						"method": "PUT",
						"header": [],
						"body": {
							"mode": "raw",
							"raw": "{\r\n    \"scheduleId\" : \"1002\",\r\n    \"objectName\" : \"Account\",\r\n    \"snowflakeTableName\": \"ACCOUNT\" \r\n}",
							"options": {
								"raw": {
									"language": "json"
								}
							}
						},
						"url": {
							"raw": "http://salesforce-replication-prod.dataplatform.prod.private/sf-replication-service/discard-running-execution",
							"protocol": "http",
							"host": [
								"salesforce-replication-prod",
								"dataplatform",
								"prod",
								"private"
							],
							"path": [
								"sf-replication-service",
								"discard-running-execution"
							]
						}
					},
					"response": []
				},
				{
					"name": "STAGE :: discard Account_Marketing_Lifecycle_History__c  execution",
					"request": {
						"method": "PUT",
						"header": [],
						"body": {
							"mode": "raw",
							"raw": "{\r\n    \"scheduleId\" : \"1001\",\r\n    \"objectName\" : \"Account_Marketing_Lifecycle_History__c\",\r\n    \"snowflakeTableName\": \"ACCOUNT_MARKETING_LIFECYCLE_HISTORY__C\" \r\n}",
							"options": {
								"raw": {
									"language": "json"
								}
							}
						},
						"url": {
							"raw": "http://salesforce-replication-prod.dataplatform.prod.private/sf-replication-service/discard-running-execution",
							"protocol": "http",
							"host": [
								"salesforce-replication-prod",
								"dataplatform",
								"prod",
								"private"
							],
							"path": [
								"sf-replication-service",
								"discard-running-execution"
							]
						}
					},
					"response": []
				},
				{
					"name": "PROD :: get status of pull request for objects",
					"protocolProfileBehavior": {
						"disableBodyPruning": true
					},
					"request": {
						"method": "GET",
						"header": [],
						"body": {
							"mode": "raw",
							"raw": "",
							"options": {
								"raw": {
									"language": "json"
								}
							}
						},
						"url": {
							"raw": "salesforce-replication-prod.dataplatform.prod.private/sf-replication-service/status?objectNames=Opportunity,Account_Marketing_Lifecycle_History__c",
							"host": [
								"salesforce-replication-prod",
								"dataplatform",
								"prod",
								"private"
							],
							"path": [
								"sf-replication-service",
								"status"
							],
							"query": [
								{
									"key": "objectNames",
									"value": "Opportunity,Account_Marketing_Lifecycle_History__c"
								}
							]
						}
					},
					"response": []
				}
			]
		},
		{
			"name": "Local",
			"item": [
				{
					"name": "Asset",
					"request": {
						"method": "POST",
						"header": [],
						"body": {
							"mode": "raw",
							"raw": "{\r\n    \"scheduleId\" : \"1003\",\r\n    \"objectName\" : \"Asset\",\r\n    \"snowflakeTableName\": \"ASSET\",\r\n    \"deletedRecordDuration\": 5\r\n}",
							"options": {
								"raw": {
									"language": "json"
								}
							}
						},
						"url": {
							"raw": "localhost:8080/sf-replication-service/execute",
							"host": [
								"localhost"
							],
							"port": "8080",
							"path": [
								"sf-replication-service",
								"execute"
							]
						}
					},
					"response": []
				},
				{
					"name": "Get all running executions",
					"protocolProfileBehavior": {
						"disableBodyPruning": true
					},
					"request": {
						"method": "GET",
						"header": [],
						"body": {
							"mode": "raw",
							"raw": "",
							"options": {
								"raw": {
									"language": "json"
								}
							}
						},
						"url": {
							"raw": "localhost:8080/sf-replication-service/get-all-running-execution",
							"host": [
								"localhost"
							],
							"port": "8080",
							"path": [
								"sf-replication-service",
								"get-all-running-execution"
							]
						}
					},
					"response": []
				},
				{
					"name": "RMA_Assets__c",
					"request": {
						"method": "POST",
						"header": [],
						"body": {
							"mode": "raw",
							"raw": "{\r\n    \"scheduleId\" : \"1037\",\r\n    \"objectName\" : \"RMA_Assets__c\",\r\n    \"snowflakeTableName\": \"RMA_ASSETS__C\",\r\n    \"deletedRecordDuration\": 5\r\n}",
							"options": {
								"raw": {
									"language": "json"
								}
							}
						},
						"url": {
							"raw": "localhost:8080/sf-replication-service/execute",
							"host": [
								"localhost"
							],
							"port": "8080",
							"path": [
								"sf-replication-service",
								"execute"
							]
						}
					},
					"response": []
				},
				{
					"name": "Installation__c",
					"request": {
						"method": "POST",
						"header": [],
						"body": {
							"mode": "raw",
							"raw": "{\r\n    \"scheduleId\" : \"1024\",\r\n    \"objectName\" : \"Installation__c\",\r\n    \"snowflakeTableName\": \"INSTALLATION__C\",\r\n    \"deletedRecordDuration\": 5\r\n}",
							"options": {
								"raw": {
									"language": "json"
								}
							}
						},
						"url": {
							"raw": "localhost:8080/sf-replication-service/execute",
							"host": [
								"localhost"
							],
							"port": "8080",
							"path": [
								"sf-replication-service",
								"execute"
							]
						}
					},
					"response": []
				},
				{
					"name": "Vehicle_Specification__c",
					"request": {
						"method": "POST",
						"header": [],
						"body": {
							"mode": "raw",
							"raw": "{\r\n    \"scheduleId\" : \"1044\",\r\n    \"objectName\" : \"Vehicle_Specification__c\",\r\n    \"snowflakeTableName\": \"VEHICLE_SPECIFICATION__C\",\r\n    \"deletedRecordDuration\": 5\r\n}",
							"options": {
								"raw": {
									"language": "json"
								}
							}
						},
						"url": {
							"raw": "localhost:8080/sf-replication-service/execute",
							"host": [
								"localhost"
							],
							"port": "8080",
							"path": [
								"sf-replication-service",
								"execute"
							]
						}
					},
					"response": []
				},
				{
					"name": "Vehicle_Peripheral__c",
					"request": {
						"method": "POST",
						"header": [],
						"body": {
							"mode": "raw",
							"raw": "{\r\n    \"scheduleId\" : \"1043\",\r\n    \"objectName\" : \"Vehicle_Peripheral__c\",\r\n    \"snowflakeTableName\": \"VEHICLE_PERIPHERAL__C\",\r\n    \"deletedRecordDuration\": 5\r\n}",
							"options": {
								"raw": {
									"language": "json"
								}
							}
						},
						"url": {
							"raw": "localhost:8080/sf-replication-service/execute",
							"host": [
								"localhost"
							],
							"port": "8080",
							"path": [
								"sf-replication-service",
								"execute"
							]
						}
					},
					"response": []
				},
				{
					"name": "Vehicle__c",
					"request": {
						"method": "POST",
						"header": [],
						"body": {
							"mode": "raw",
							"raw": "{\r\n    \"scheduleId\" : \"1045\",\r\n    \"objectName\" : \"Vehicle__c\",\r\n    \"snowflakeTableName\": \"VEHICLE__C\",\r\n    \"deletedRecordDuration\": 5\r\n}",
							"options": {
								"raw": {
									"language": "json"
								}
							}
						},
						"url": {
							"raw": "localhost:8080/sf-replication-service/execute",
							"host": [
								"localhost"
							],
							"port": "8080",
							"path": [
								"sf-replication-service",
								"execute"
							]
						}
					},
					"response": []
				},
				{
					"name": "Installation_Detail__c",
					"request": {
						"method": "POST",
						"header": [],
						"body": {
							"mode": "raw",
							"raw": "{\r\n    \"scheduleId\" : \"1023\",\r\n    \"objectName\" : \"Installation_Detail__c\",\r\n    \"snowflakeTableName\": \"INSTALLATION_DETAIL__C\",\r\n    \"deletedRecordDuration\": 5\r\n}",
							"options": {
								"raw": {
									"language": "json"
								}
							}
						},
						"url": {
							"raw": "localhost:8080/sf-replication-service/execute",
							"host": [
								"localhost"
							],
							"port": "8080",
							"path": [
								"sf-replication-service",
								"execute"
							]
						}
					},
					"response": []
				},
				{
					"name": "Quote",
					"request": {
						"method": "POST",
						"header": [],
						"body": {
							"mode": "raw",
							"raw": "{\r\n    \"scheduleId\" : \"1034\",\r\n    \"objectName\" : \"Quote\",\r\n    \"snowflakeTableName\": \"QUOTE\",\r\n    \"deletedRecordDuration\": 5\r\n}",
							"options": {
								"raw": {
									"language": "json"
								}
							}
						},
						"url": {
							"raw": "localhost:8080/sf-replication-service/execute",
							"host": [
								"localhost"
							],
							"port": "8080",
							"path": [
								"sf-replication-service",
								"execute"
							]
						}
					},
					"response": []
				},
				{
					"name": "Product2",
					"request": {
						"method": "POST",
						"header": [],
						"body": {
							"mode": "raw",
							"raw": "{\r\n    \"scheduleId\" : \"1032\",\r\n    \"objectName\" : \"Product2\",\r\n    \"snowflakeTableName\": \"PRODUCT2\",\r\n    \"deletedRecordDuration\": 5\r\n}",
							"options": {
								"raw": {
									"language": "json"
								}
							}
						},
						"url": {
							"raw": "localhost:8080/sf-replication-service/execute",
							"host": [
								"localhost"
							],
							"port": "8080",
							"path": [
								"sf-replication-service",
								"execute"
							]
						}
					},
					"response": []
				},
				{
					"name": "OpportunityLineItem",
					"request": {
						"method": "POST",
						"header": [],
						"body": {
							"mode": "raw",
							"raw": "{\r\n    \"scheduleId\" : \"1027\",\r\n    \"objectName\" : \"OpportunityLineItem\",\r\n    \"snowflakeTableName\": \"OPPORTUNITY_LINE_ITEM\",\r\n    \"deletedRecordDuration\": 5\r\n}",
							"options": {
								"raw": {
									"language": "json"
								}
							}
						},
						"url": {
							"raw": "localhost:8080/sf-replication-service/execute",
							"host": [
								"localhost"
							],
							"port": "8080",
							"path": [
								"sf-replication-service",
								"execute"
							]
						}
					},
					"response": []
				},
				{
					"name": "Opportunity_Contact_Role__c",
					"request": {
						"method": "POST",
						"header": [],
						"body": {
							"mode": "raw",
							"raw": "{\r\n    \"scheduleId\" : \"1028\",\r\n    \"objectName\" : \"Opportunity_Contact_Role__c\",\r\n    \"snowflakeTableName\": \"OPPORTUNITY_CONTACT_ROLE__C\",\r\n    \"deletedRecordDuration\": 5\r\n}",
							"options": {
								"raw": {
									"language": "json"
								}
							}
						},
						"url": {
							"raw": "localhost:8080/sf-replication-service/execute",
							"host": [
								"localhost"
							],
							"port": "8080",
							"path": [
								"sf-replication-service",
								"execute"
							]
						}
					},
					"response": []
				},
				{
					"name": "Opportunity_Subscription_Plan__c",
					"request": {
						"method": "POST",
						"header": [],
						"body": {
							"mode": "raw",
							"raw": "{\r\n    \"scheduleId\" : \"1029\",\r\n    \"objectName\" : \"Opportunity_Subscription_Plan__c\",\r\n    \"snowflakeTableName\": \"OPPORTUNITY_SUBSCRIPTION_PLAN__C\",\r\n    \"deletedRecordDuration\": 5\r\n}",
							"options": {
								"raw": {
									"language": "json"
								}
							}
						},
						"url": {
							"raw": "localhost:8080/sf-replication-service/execute",
							"host": [
								"localhost"
							],
							"port": "8080",
							"path": [
								"sf-replication-service",
								"execute"
							]
						}
					},
					"response": []
				},
				{
					"name": "Base_subscription_plan__c",
					"request": {
						"method": "POST",
						"header": [],
						"body": {
							"mode": "raw",
							"raw": "{\r\n    \"scheduleId\" : \"1011\",\r\n    \"objectName\" : \"Base_subscription_plan__c\",\r\n    \"snowflakeTableName\": \"BASE_SUBSCRIPTION_PLAN__C\",\r\n    \"deletedRecordDuration\": 5\r\n}",
							"options": {
								"raw": {
									"language": "json"
								}
							}
						},
						"url": {
							"raw": "localhost:8080/sf-replication-service/execute",
							"host": [
								"localhost"
							],
							"port": "8080",
							"path": [
								"sf-replication-service",
								"execute"
							]
						}
					},
					"response": []
				},
				{
					"name": "Campaign",
					"request": {
						"method": "POST",
						"header": [],
						"body": {
							"mode": "raw",
							"raw": "{\r\n    \"scheduleId\" : \"1012\",\r\n    \"objectName\" : \"Campaign\",\r\n    \"snowflakeTableName\": \"CAMPAIGN\",\r\n    \"deletedRecordDuration\": 5\r\n}",
							"options": {
								"raw": {
									"language": "json"
								}
							}
						},
						"url": {
							"raw": "localhost:8080/sf-replication-service/execute",
							"host": [
								"localhost"
							],
							"port": "8080",
							"path": [
								"sf-replication-service",
								"execute"
							]
						}
					},
					"response": []
				},
				{
					"name": "UserRole",
					"request": {
						"method": "POST",
						"header": [],
						"body": {
							"mode": "raw",
							"raw": "{\r\n    \"scheduleId\" : \"1042\",\r\n    \"objectName\" : \"UserRole\",\r\n    \"snowflakeTableName\": \"USER_ROLE\",\r\n    \"deletedRecordDuration\": 5\r\n}",
							"options": {
								"raw": {
									"language": "json"
								}
							}
						},
						"url": {
							"raw": "localhost:8080/sf-replication-service/execute",
							"host": [
								"localhost"
							],
							"port": "8080",
							"path": [
								"sf-replication-service",
								"execute"
							]
						}
					},
					"response": []
				},
				{
					"name": "HS_Group__c",
					"request": {
						"method": "POST",
						"header": [],
						"body": {
							"mode": "raw",
							"raw": "{\r\n    \"scheduleId\" : \"1022\",\r\n    \"objectName\" : \"HS_Group__c\",\r\n    \"snowflakeTableName\": \"HS_GROUP__C\",\r\n    \"deletedRecordDuration\": 5\r\n}",
							"options": {
								"raw": {
									"language": "json"
								}
							}
						},
						"url": {
							"raw": "localhost:8080/sf-replication-service/execute",
							"host": [
								"localhost"
							],
							"port": "8080",
							"path": [
								"sf-replication-service",
								"execute"
							]
						}
					},
					"response": []
				},
				{
					"name": "QuoteLineItems",
					"request": {
						"method": "POST",
						"header": [],
						"body": {
							"mode": "raw",
							"raw": "{\r\n    \"scheduleId\" : \"1035\",\r\n    \"objectName\" : \"QuoteLineItem\",\r\n    \"snowflakeTableName\": \"QUOTE_LINE_ITEM\",\r\n    \"deletedRecordDuration\": 5\r\n}",
							"options": {
								"raw": {
									"language": "json"
								}
							}
						},
						"url": {
							"raw": "localhost:8080/sf-replication-service/execute",
							"host": [
								"localhost"
							],
							"port": "8080",
							"path": [
								"sf-replication-service",
								"execute"
							]
						}
					},
					"response": []
				},
				{
					"name": "Quote_Subscription_Plan__c",
					"request": {
						"method": "POST",
						"header": [],
						"body": {
							"mode": "raw",
							"raw": "{\r\n    \"scheduleId\" : \"1036\",\r\n    \"objectName\" : \"Quote_Subscription_Plan__c\",\r\n    \"snowflakeTableName\": \"QUOTE_SUBSCRIPTION_PLAN__C\",\r\n    \"deletedRecordDuration\": 5\r\n}",
							"options": {
								"raw": {
									"language": "json"
								}
							}
						},
						"url": {
							"raw": "localhost:8080/sf-replication-service/execute",
							"host": [
								"localhost"
							],
							"port": "8080",
							"path": [
								"sf-replication-service",
								"execute"
							]
						}
					},
					"response": []
				},
				{
					"name": "Account_Product__c",
					"request": {
						"method": "POST",
						"header": [],
						"body": {
							"mode": "raw",
							"raw": "{\r\n    \"scheduleId\" : \"1010\",\r\n    \"objectName\" : \"Account_Product__c\",\r\n    \"snowflakeTableName\": \"ACCOUNT_PRODUCT__C\",\r\n    \"deletedRecordDuration\": 5\r\n}",
							"options": {
								"raw": {
									"language": "json"
								}
							}
						},
						"url": {
							"raw": "localhost:8080/sf-replication-service/execute",
							"host": [
								"localhost"
							],
							"port": "8080",
							"path": [
								"sf-replication-service",
								"execute"
							]
						}
					},
					"response": []
				},
				{
					"name": "Country__c",
					"request": {
						"method": "POST",
						"header": [],
						"body": {
							"mode": "raw",
							"raw": "{\r\n    \"scheduleId\" : \"1015\",\r\n    \"objectName\" : \"Country__c\",\r\n    \"snowflakeTableName\": \"COUNTRY__C\",\r\n    \"deletedRecordDuration\": 5\r\n}",
							"options": {
								"raw": {
									"language": "json"
								}
							}
						},
						"url": {
							"raw": "localhost:8080/sf-replication-service/execute",
							"host": [
								"localhost"
							],
							"port": "8080",
							"path": [
								"sf-replication-service",
								"execute"
							]
						}
					},
					"response": []
				},
				{
					"name": "CampaignMember",
					"request": {
						"method": "POST",
						"header": [],
						"body": {
							"mode": "raw",
							"raw": "{\r\n    \"scheduleId\" : \"1013\",\r\n    \"objectName\" : \"CampaignMember\",\r\n    \"snowflakeTableName\": \"CAMPAIGN_MEMBER\",\r\n    \"deletedRecordDuration\": 5\r\n}",
							"options": {
								"raw": {
									"language": "json"
								}
							}
						},
						"url": {
							"raw": "localhost:8080/sf-replication-service/execute",
							"host": [
								"localhost"
							],
							"port": "8080",
							"path": [
								"sf-replication-service",
								"execute"
							]
						}
					},
					"response": []
				},
				{
					"name": "RecordType",
					"request": {
						"method": "POST",
						"header": [],
						"body": {
							"mode": "raw",
							"raw": "{\r\n    \"scheduleId\" : \"1038\",\r\n    \"objectName\" : \"RecordType\",\r\n    \"snowflakeTableName\": \"RECORD_TYPE\",\r\n    \"deletedRecordDuration\": 5\r\n}",
							"options": {
								"raw": {
									"language": "json"
								}
							}
						},
						"url": {
							"raw": "localhost:8080/sf-replication-service/execute",
							"host": [
								"localhost"
							],
							"port": "8080",
							"path": [
								"sf-replication-service",
								"execute"
							]
						}
					},
					"response": []
				},
				{
					"name": "Surfsight_Instance__c",
					"request": {
						"method": "POST",
						"header": [],
						"body": {
							"mode": "raw",
							"raw": "{\r\n    \"scheduleId\" : \"1040\",\r\n    \"objectName\" : \"Surfsight_Instance__c\",\r\n    \"snowflakeTableName\": \"SURFSIGHT_INSTANCE__C\",\r\n    \"deletedRecordDuration\": 5\r\n}",
							"options": {
								"raw": {
									"language": "json"
								}
							}
						},
						"url": {
							"raw": "localhost:8080/sf-replication-service/execute",
							"host": [
								"localhost"
							],
							"port": "8080",
							"path": [
								"sf-replication-service",
								"execute"
							]
						}
					},
					"response": []
				},
				{
					"name": "Support_Team_Members__c",
					"request": {
						"method": "POST",
						"header": [],
						"body": {
							"mode": "raw",
							"raw": "{\r\n    \"scheduleId\" : \"1039\",\r\n    \"objectName\" : \"Support_Team_Members__c\",\r\n    \"snowflakeTableName\": \"SUPPORT_TEAM_MEMBERS__C\",\r\n    \"deletedRecordDuration\": 5\r\n}",
							"options": {
								"raw": {
									"language": "json"
								}
							}
						},
						"url": {
							"raw": "localhost:8080/sf-replication-service/execute",
							"host": [
								"localhost"
							],
							"port": "8080",
							"path": [
								"sf-replication-service",
								"execute"
							]
						}
					},
					"response": []
				},
				{
					"name": "Program_Management__c",
					"request": {
						"method": "POST",
						"header": [],
						"body": {
							"mode": "raw",
							"raw": "{\r\n    \"scheduleId\" : \"1033\",\r\n    \"objectName\" : \"Program_Management__c\",\r\n    \"snowflakeTableName\": \"PROGRAM_MANAGEMENT__C\",\r\n    \"deletedRecordDuration\": 5\r\n}",
							"options": {
								"raw": {
									"language": "json"
								}
							}
						},
						"url": {
							"raw": "localhost:8080/sf-replication-service/execute",
							"host": [
								"localhost"
							],
							"port": "8080",
							"path": [
								"sf-replication-service",
								"execute"
							]
						}
					},
					"response": []
				},
				{
					"name": "ERP_Subsidiary__c",
					"request": {
						"method": "POST",
						"header": [],
						"body": {
							"mode": "raw",
							"raw": "{\r\n    \"scheduleId\" : \"1020\",\r\n    \"objectName\" : \"ERP_Subsidiary__c\",\r\n    \"snowflakeTableName\": \"ERP_SUBSIDIARY__C\",\r\n    \"deletedRecordDuration\": 5\r\n}",
							"options": {
								"raw": {
									"language": "json"
								}
							}
						},
						"url": {
							"raw": "localhost:8080/sf-replication-service/execute",
							"host": [
								"localhost"
							],
							"port": "8080",
							"path": [
								"sf-replication-service",
								"execute"
							]
						}
					},
					"response": []
				},
				{
					"name": "Account_Health__c",
					"request": {
						"method": "POST",
						"header": [],
						"body": {
							"mode": "raw",
							"raw": "{\r\n    \"scheduleId\" : \"1009\",\r\n    \"objectName\" : \"Account_Health__c\",\r\n    \"snowflakeTableName\": \"ACCOUNT_HEALTH__C\",\r\n    \"deletedRecordDuration\": 5\r\n}",
							"options": {
								"raw": {
									"language": "json"
								}
							}
						},
						"url": {
							"raw": "localhost:8080/sf-replication-service/execute",
							"host": [
								"localhost"
							],
							"port": "8080",
							"path": [
								"sf-replication-service",
								"execute"
							]
						}
					},
					"response": []
				},
				{
					"name": "User Object",
					"request": {
						"method": "POST",
						"header": [],
						"body": {
							"mode": "raw",
							"raw": "{\r\n    \"scheduleId\" : \"1041\",\r\n    \"objectName\" : \"User\",\r\n    \"snowflakeTableName\": \"USER\",\r\n    \"deletedRecordDuration\": 5\r\n}",
							"options": {
								"raw": {
									"language": "json"
								}
							}
						},
						"url": {
							"raw": "localhost:8080/sf-replication-service/execute",
							"host": [
								"localhost"
							],
							"port": "8080",
							"path": [
								"sf-replication-service",
								"execute"
							]
						}
					},
					"response": []
				},
				{
					"name": "DriveCamProject__c Object",
					"request": {
						"method": "POST",
						"header": [],
						"body": {
							"mode": "raw",
							"raw": "{\r\n    \"scheduleId\" : \"1018\",\r\n    \"objectName\" : \"DriveCamProject__c\",\r\n    \"snowflakeTableName\": \"DRIVE_CAM_PROJECT__C\",\r\n    \"deletedRecordDuration\": 5\r\n}",
							"options": {
								"raw": {
									"language": "json"
								}
							}
						},
						"url": {
							"raw": "localhost:8080/sf-replication-service/execute",
							"host": [
								"localhost"
							],
							"port": "8080",
							"path": [
								"sf-replication-service",
								"execute"
							]
						}
					},
					"response": []
				},
				{
					"name": "Principal_Project__c object",
					"request": {
						"method": "POST",
						"header": [],
						"body": {
							"mode": "raw",
							"raw": "{\r\n    \"scheduleId\" : \"1031\",\r\n    \"objectName\" : \"Principal_Project__c\",\r\n    \"snowflakeTableName\": \"PRINCIPAL_PROJECT__C\",\r\n    \"deletedRecordDuration\": 5\r\n}",
							"options": {
								"raw": {
									"language": "json"
								}
							}
						},
						"url": {
							"raw": "localhost:8080/sf-replication-service/execute",
							"host": [
								"localhost"
							],
							"port": "8080",
							"path": [
								"sf-replication-service",
								"execute"
							]
						}
					},
					"response": []
				},
				{
					"name": "Contact object",
					"request": {
						"method": "POST",
						"header": [],
						"body": {
							"mode": "raw",
							"raw": "{\r\n    \"scheduleId\" : \"1014\",\r\n    \"objectName\" : \"Contact\",\r\n    \"snowflakeTableName\": \"CONTACT\",\r\n    \"deletedRecordDuration\": 5\r\n}",
							"options": {
								"raw": {
									"language": "json"
								}
							}
						},
						"url": {
							"raw": "localhost:8080/sf-replication-service/execute",
							"host": [
								"localhost"
							],
							"port": "8080",
							"path": [
								"sf-replication-service",
								"execute"
							]
						}
					},
					"response": []
				},
				{
					"name": "Credit_Memo__c object",
					"request": {
						"method": "POST",
						"header": [],
						"body": {
							"mode": "raw",
							"raw": "{\r\n    \"scheduleId\" : \"1016\",\r\n    \"objectName\" : \"Credit_Memo__c\",\r\n    \"snowflakeTableName\": \"CREDIT_MEMO__C\",\r\n    \"deletedRecordDuration\": 5\r\n}",
							"options": {
								"raw": {
									"language": "json"
								}
							}
						},
						"url": {
							"raw": "localhost:8080/sf-replication-service/execute",
							"host": [
								"localhost"
							],
							"port": "8080",
							"path": [
								"sf-replication-service",
								"execute"
							]
						}
					},
					"response": []
				},
				{
					"name": "CurrencyType Object",
					"request": {
						"method": "POST",
						"header": [],
						"body": {
							"mode": "raw",
							"raw": "{\r\n    \"scheduleId\" : \"1017\",\r\n    \"objectName\" : \"CurrencyType\",\r\n    \"snowflakeTableName\": \"CURRENCY_TYPE\",\r\n    \"deletedRecordDuration\": 5\r\n}",
							"options": {
								"raw": {
									"language": "json"
								}
							}
						},
						"url": {
							"raw": "localhost:8080/sf-replication-service/execute",
							"host": [
								"localhost"
							],
							"port": "8080",
							"path": [
								"sf-replication-service",
								"execute"
							]
						}
					},
					"response": []
				},
				{
					"name": "OrderType__c Object",
					"request": {
						"method": "POST",
						"header": [],
						"body": {
							"mode": "raw",
							"raw": "{\r\n    \"scheduleId\" : \"1030\",\r\n    \"objectName\" : \"OrderType__c\",\r\n    \"snowflakeTableName\": \"ORDER_TYPE__C\",\r\n    \"deletedRecordDuration\": 5\r\n}",
							"options": {
								"raw": {
									"language": "json"
								}
							}
						},
						"url": {
							"raw": "localhost:8080/sf-replication-service/execute",
							"host": [
								"localhost"
							],
							"port": "8080",
							"path": [
								"sf-replication-service",
								"execute"
							]
						}
					},
					"response": []
				},
				{
					"name": "Feedback__c Object",
					"request": {
						"method": "POST",
						"header": [],
						"body": {
							"mode": "raw",
							"raw": "{\r\n    \"scheduleId\" : \"1021\",\r\n    \"objectName\" : \"Feedback__c\",\r\n    \"snowflakeTableName\": \"FEEDBACK__C\",\r\n    \"deletedRecordDuration\": 5\r\n}",
							"options": {
								"raw": {
									"language": "json"
								}
							}
						},
						"url": {
							"raw": "localhost:8080/sf-replication-service/execute",
							"host": [
								"localhost"
							],
							"port": "8080",
							"path": [
								"sf-replication-service",
								"execute"
							]
						}
					},
					"response": []
				},
				{
					"name": "Lead Object",
					"request": {
						"method": "POST",
						"header": [],
						"body": {
							"mode": "raw",
							"raw": "{\r\n    \"scheduleId\" : \"1025\",\r\n    \"objectName\" : \"Lead\",\r\n    \"snowflakeTableName\": \"LEAD\",\r\n    \"deletedRecordDuration\": 5\r\n}",
							"options": {
								"raw": {
									"language": "json"
								}
							}
						},
						"url": {
							"raw": "localhost:8080/sf-replication-service/execute",
							"host": [
								"localhost"
							],
							"port": "8080",
							"path": [
								"sf-replication-service",
								"execute"
							]
						}
					},
					"response": []
				},
				{
					"name": "ERP_Customer__c Object",
					"request": {
						"method": "POST",
						"header": [],
						"body": {
							"mode": "raw",
							"raw": "{\r\n    \"scheduleId\" : \"1019\",\r\n    \"objectName\" : \"ERP_Customer__c\",\r\n    \"snowflakeTableName\": \"ERP_CUSTOMER__C\",\r\n    \"deletedRecordDuration\": 5\r\n}",
							"options": {
								"raw": {
									"language": "json"
								}
							}
						},
						"url": {
							"raw": "localhost:8080/sf-replication-service/execute",
							"host": [
								"localhost"
							],
							"port": "8080",
							"path": [
								"sf-replication-service",
								"execute"
							]
						}
					},
					"response": []
				},
				{
					"name": "AccountTeamMember Object",
					"request": {
						"method": "POST",
						"header": [],
						"body": {
							"mode": "raw",
							"raw": "{\r\n    \"scheduleId\" : \"1007\",\r\n    \"objectName\" : \"AccountTeamMember\",\r\n    \"snowflakeTableName\": \"ACCOUNT_TEAM_MEMBER\",\r\n    \"deletedRecordDuration\": 5\r\n}",
							"options": {
								"raw": {
									"language": "json"
								}
							}
						},
						"url": {
							"raw": "localhost:8080/sf-replication-service/execute",
							"host": [
								"localhost"
							],
							"port": "8080",
							"path": [
								"sf-replication-service",
								"execute"
							]
						}
					},
					"response": []
				},
				{
					"name": "Account_Contact_Role__c Object",
					"request": {
						"method": "POST",
						"header": [],
						"body": {
							"mode": "raw",
							"raw": "{\r\n    \"scheduleId\" : \"1008\",\r\n    \"objectName\" : \"Account_Contact_Role__c\",\r\n    \"snowflakeTableName\": \"ACCOUNT_CONTACT_ROLE__C\",\r\n    \"deletedRecordDuration\": 5\r\n}",
							"options": {
								"raw": {
									"language": "json"
								}
							}
						},
						"url": {
							"raw": "localhost:8080/sf-replication-service/execute",
							"host": [
								"localhost"
							],
							"port": "8080",
							"path": [
								"sf-replication-service",
								"execute"
							]
						}
					},
					"response": []
				},
				{
					"name": "Asset_Subscription_History__c Object",
					"request": {
						"method": "POST",
						"header": [],
						"body": {
							"mode": "raw",
							"raw": "{\r\n    \"scheduleId\" : \"1005\",\r\n    \"objectName\" : \"Asset_Subscription_History__c\",\r\n    \"snowflakeTableName\": \"ASSET_SUBSCRIPTION_HISTORY__C\",\r\n    \"deletedRecordDuration\": 5\r\n}",
							"options": {
								"raw": {
									"language": "json"
								}
							}
						},
						"url": {
							"raw": "localhost:8080/sf-replication-service/execute",
							"host": [
								"localhost"
							],
							"port": "8080",
							"path": [
								"sf-replication-service",
								"execute"
							]
						}
					},
					"response": []
				},
				{
					"name": "HS_Company__c Object",
					"request": {
						"method": "POST",
						"header": [],
						"body": {
							"mode": "raw",
							"raw": "{\r\n    \"scheduleId\" : \"1004\",\r\n    \"objectName\" : \"HS_Company__c\",\r\n    \"snowflakeTableName\": \"HS_COMPANY__C\",\r\n    \"deletedRecordDuration\": 5\r\n}",
							"options": {
								"raw": {
									"language": "json"
								}
							}
						},
						"url": {
							"raw": "localhost:8080/sf-replication-service/execute",
							"host": [
								"localhost"
							],
							"port": "8080",
							"path": [
								"sf-replication-service",
								"execute"
							]
						}
					},
					"response": []
				},
				{
					"name": "get status of pull request for objects",
					"protocolProfileBehavior": {
						"disableBodyPruning": true
					},
					"request": {
						"method": "GET",
						"header": [],
						"body": {
							"mode": "raw",
							"raw": "",
							"options": {
								"raw": {
									"language": "json"
								}
							}
						},
						"url": {
							"raw": "localhost:8080/sf-replication-service/status?objectNames=Opportunity,Account_Marketing_Lifecycle_History__c",
							"host": [
								"localhost"
							],
							"port": "8080",
							"path": [
								"sf-replication-service",
								"status"
							],
							"query": [
								{
									"key": "objectNames",
									"value": "Opportunity,Account_Marketing_Lifecycle_History__c"
								}
							]
						}
					},
					"response": []
				},
				{
					"name": "Case Object",
					"request": {
						"method": "POST",
						"header": [],
						"body": {
							"mode": "raw",
							"raw": "{\r\n    \"scheduleId\" : \"1006\",\r\n    \"objectName\" : \"Case\",\r\n    \"snowflakeTableName\": \"CASE\",\r\n    \"deletedRecordDuration\": 5\r\n}",
							"options": {
								"raw": {
									"language": "json"
								}
							}
						},
						"url": {
							"raw": "localhost:8080/sf-replication-service/execute",
							"host": [
								"localhost"
							],
							"port": "8080",
							"path": [
								"sf-replication-service",
								"execute"
							]
						}
					},
					"response": []
				},
				{
					"name": "Account",
					"request": {
						"method": "POST",
						"header": [],
						"body": {
							"mode": "raw",
							"raw": "{\r\n    \"scheduleId\" : \"1005\",\r\n    \"objectName\" : \"Account\",\r\n    \"snowflakeTableName\": \"ACCOUNT\",\r\n    \"deletedRecordDuration\": 5\r\n}",
							"options": {
								"raw": {
									"language": "json"
								}
							}
						},
						"url": {
							"raw": "http://localhost:8080/sf-replication-service/execute",
							"protocol": "http",
							"host": [
								"localhost"
							],
							"port": "8080",
							"path": [
								"sf-replication-service",
								"execute"
							]
						}
					},
					"response": []
				},
				{
					"name": "CaseHistory",
					"request": {
						"method": "POST",
						"header": [],
						"body": {
							"mode": "raw",
							"raw": "{\r\n    \"scheduleId\" : \"1009\",\r\n    \"objectName\" : \"DriveCamProject__History\",\r\n    \"snowflakeTableName\": \"DRIVE_CAM_PROJECT__HISTORY\",\r\n    \"deletedRecordDuration\": 2\r\n}",
							"options": {
								"raw": {
									"language": "json"
								}
							}
						},
						"url": {
							"raw": "http://localhost:8080/sf-replication-service/execute",
							"protocol": "http",
							"host": [
								"localhost"
							],
							"port": "8080",
							"path": [
								"sf-replication-service",
								"execute"
							]
						}
					},
					"response": []
				},
				{
					"name": "Generic",
					"request": {
						"method": "POST",
						"header": [],
						"body": {
							"mode": "raw",
							"raw": "{\r\n    \"scheduleId\" : \"1009\",\r\n    \"objectName\" : \"CaseHistory\",\r\n    \"snowflakeTableName\": \"CASE_HISTORY\",\r\n    \"deletedRecordDuration\": 2\r\n}",
							"options": {
								"raw": {
									"language": "json"
								}
							}
						},
						"url": {
							"raw": "http://localhost:8080/sf-replication-service/execute",
							"protocol": "http",
							"host": [
								"localhost"
							],
							"port": "8080",
							"path": [
								"sf-replication-service",
								"execute"
							]
						}
					},
					"response": []
				},
				{
					"name": "DEV :: Get all running executions Copy 2",
					"protocolProfileBehavior": {
						"disableBodyPruning": true
					},
					"request": {
						"method": "GET",
						"header": [],
						"body": {
							"mode": "raw",
							"raw": "",
							"options": {
								"raw": {
									"language": "json"
								}
							}
						},
						"url": {
							"raw": "salesforce-replication-dev.dataplatform.dev.private/sf-replication-service/get-all-running-execution",
							"host": [
								"salesforce-replication-dev",
								"dataplatform",
								"dev",
								"private"
							],
							"path": [
								"sf-replication-service",
								"get-all-running-execution"
							]
						}
					},
					"response": []
				}
			]
		},
		{
			"name": "EC2-stage",
			"item": [
				{
					"name": "EC2-stage :: discard all running executions",
					"request": {
						"method": "PUT",
						"header": [],
						"body": {
							"mode": "raw",
							"raw": "",
							"options": {
								"raw": {
									"language": "json"
								}
							}
						},
						"url": {
							"raw": "http://10.135.32.77:8080/sf-replication-service/discard-all-running-execution",
							"protocol": "http",
							"host": [
								"10",
								"135",
								"32",
								"77"
							],
							"port": "8080",
							"path": [
								"sf-replication-service",
								"discard-all-running-execution"
							]
						}
					},
					"response": []
				},
				{
					"name": "EC2-stage :: Get all running executions",
					"protocolProfileBehavior": {
						"disableBodyPruning": true
					},
					"request": {
						"method": "GET",
						"header": [],
						"body": {
							"mode": "raw",
							"raw": "",
							"options": {
								"raw": {
									"language": "json"
								}
							}
						},
						"url": {
							"raw": "http://10.135.32.77:8080/sf-replication-service/get-all-running-execution",
							"protocol": "http",
							"host": [
								"10",
								"135",
								"32",
								"77"
							],
							"port": "8080",
							"path": [
								"sf-replication-service",
								"get-all-running-execution"
							]
						}
					},
					"response": []
				},
				{
					"name": "EC2-stage :: discard Opportunity execution",
					"request": {
						"method": "PUT",
						"header": [],
						"body": {
							"mode": "raw",
							"raw": "{\r\n    \"scheduleId\" : \"1000\",\r\n    \"objectName\" : \"Opportunity\",\r\n    \"snowflakeTableName\": \"OPPORTUNITY\" \r\n}",
							"options": {
								"raw": {
									"language": "json"
								}
							}
						},
						"url": {
							"raw": "http://10.135.32.77:8080/sf-replication-service/discard-running-execution",
							"protocol": "http",
							"host": [
								"10",
								"135",
								"32",
								"77"
							],
							"port": "8080",
							"path": [
								"sf-replication-service",
								"discard-running-execution"
							]
						}
					},
					"response": []
				},
				{
					"name": "EC2-stage :: Generic",
					"request": {
						"method": "POST",
						"header": [],
						"body": {
							"mode": "raw",
							"raw": "{\r\n    \"scheduleId\" : \"1011\",\r\n    \"objectName\" : \"ContactHistory\",\r\n    \"snowflakeTableName\": \"CONTACT_HISTORY\",\r\n    \"deletedRecordDuration\": 2\r\n}",
							"options": {
								"raw": {
									"language": "json"
								}
							}
						},
						"url": {
							"raw": "http://10.135.32.77:8080/sf-replication-service/execute",
							"protocol": "http",
							"host": [
								"10",
								"135",
								"32",
								"77"
							],
							"port": "8080",
							"path": [
								"sf-replication-service",
								"execute"
							]
						}
					},
					"response": []
				}
			]
		},
		{
			"name": "New Folder",
			"item": []
		},
		{
			"name": "opportunity object",
			"request": {
				"method": "POST",
				"header": [],
				"body": {
					"mode": "raw",
					"raw": "{\r\n    \"scheduleId\" : \"1000\",\r\n    \"objectName\" : \"Opportunity\",\r\n    \"snowflakeTableName\": \"OPPORTUNITY\" \r\n}",
					"options": {
						"raw": {
							"language": "json"
						}
					}
				},
				"url": {
					"raw": "localhost:8080/sf-replication-service/execute",
					"host": [
						"localhost"
					],
					"port": "8080",
					"path": [
						"sf-replication-service",
						"execute"
					]
				}
			},
			"response": []
		},
		{
			"name": "discard execution - pull records from salesforce opportunity object",
			"request": {
				"method": "PUT",
				"header": [],
				"body": {
					"mode": "raw",
					"raw": "{\r\n    \"scheduleId\" : \"1000\",\r\n    \"objectName\" : \"Opportunity\",\r\n    \"snowflakeTableName\": \"OPPORTUNITY\" \r\n}",
					"options": {
						"raw": {
							"language": "json"
						}
					}
				},
				"url": {
					"raw": "localhost:8080/sf-replication-service/execute",
					"host": [
						"localhost"
					],
					"port": "8080",
					"path": [
						"sf-replication-service",
						"execute"
					]
				}
			},
			"response": []
		},
		{
			"name": "pull records from salesforce Account_Marketing_Lifecycle_History__c object",
			"request": {
				"method": "POST",
				"header": [],
				"body": {
					"mode": "raw",
					"raw": "{\r\n    \"scheduleId\" : \"1001\",\r\n    \"objectName\" : \"Account_Marketing_Lifecycle_History__c\",\r\n    \"snowflakeTableName\": \"ACCOUNT_MARKETING_LIFECYCLE_HISTORY__C\" \r\n}",
					"options": {
						"raw": {
							"language": "json"
						}
					}
				},
				"url": {
					"raw": "localhost:8080/sf-replication-service/execute",
					"host": [
						"localhost"
					],
					"port": "8080",
					"path": [
						"sf-replication-service",
						"execute"
					]
				}
			},
			"response": []
		},
		{
			"name": "pull records from salesforce Account",
			"request": {
				"method": "POST",
				"header": [],
				"body": {
					"mode": "raw",
					"raw": "{\r\n    \"scheduleId\" : \"1004\",\r\n    \"objectName\" : \"Return_to_Marketing_Status__mdt\",\r\n    \"snowflakeTableName\": \"RETURN_TO_MARKETING_STATUS__MDT\",\r\n    \"deletedRecordDuration\": 5\r\n}",
					"options": {
						"raw": {
							"language": "json"
						}
					}
				},
				"url": {
					"raw": "localhost:8080/sf-replication-service/execute",
					"host": [
						"localhost"
					],
					"port": "8080",
					"path": [
						"sf-replication-service",
						"execute"
					]
				}
			},
			"response": []
		}
	]
}